Iteration	Posterior	Likelihood	Prior	rate_log_sd	rate_loss	rate_neo	tree_length
0	-43.90876	-57.73949	13.83073	1.708575	0.3055502	3.834747	2.509363
6	-34.8775	-50.89867	16.02117	2.012823	0.8721129	1.715078	0.6315424
12	-31.83225	-51.24204	19.40979	0.72956	0.5330821	0.2455789	0.7622111
18	-42.76829	-57.06868	14.3004	2.336202	1.471724	3.05572	0.8747612
24	-37.10212	-52.45993	15.35781	0.3122571	5.963454	0.3206763	2.00833
30	-28.41775	-45.01155	16.59381	0.3481799	5.023758	0.05563071	1.90252
36	-28.8823	-48.39264	19.51034	0.3110787	0.3624668	0.04496226	1.90252
42	-27.46082	-47.04343	19.58261	0.5233195	0.6295981	0.1932512	0.8142788
48	-39.5359	-52.24428	12.70838	2.252759	1.939711	4.784216	1.539733
54	-34.84969	-50.62698	15.77729	1.607065	2.352375	0.9889793	0.8683073
60	-29.8483	-47.35466	17.50636	0.1349729	1.748114	0.9889793	0.9697455
66	-32.47252	-49.60725	17.13474	0.3039179	2.611626	0.5263592	1.248014
72	-30.50321	-48.01805	17.51483	0.2550022	0.4577148	0.5539149	2.244462
78	-33.90588	-48.23605	14.33018	1.960424	0.7300164	4.278336	1.422085
84	-35.71513	-49.65266	13.93754	0.2124465	0.7300164	1.184906	3.749323
90	-30.49101	-44.93752	14.44651	0.550104	1.165683	2.481677	2.468219
96	-28.37736	-44.4911	16.11374	1.19398	1.165683	2.112796	0.9119729
102	-28.74141	-45.00981	16.2684	1.407841	1.165683	1.865231	0.5144967
108	-34.41152	-50.27081	15.85929	2.018762	0.9542228	1.865231	0.4737446
114	-34.65137	-49.87152	15.22015	1.658194	0.944023	3.814377	0.7876925
120	-36.61735	-52.35897	15.74163	2.502296	0.2524196	3.344688	0.578267
126	-41.35591	-54.23514	12.87923	2.323517	1.679813	3.344688	1.828396
132	-30.61273	-46.84664	16.23391	0.420809	2.154744	0.4281158	2.101501
138	-30.49097	-47.17419	16.68322	0.3420815	2.154744	0.4281158	1.853391
144	-30.9041	-45.70354	14.79944	0.6792064	1.673994	2.624371	1.853391
150	-29.65881	-45.85633	16.19752	0.4910728	0.5882841	2.070257	1.935689
156	-30.43935	-49.21325	18.7739	0.1586726	0.4978485	1.012543	0.8820477
162	-34.62574	-49.30632	14.68057	0.07715382	0.6987678	0.889715	3.587652
168	-31.34971	-48.00669	16.65698	0.1632358	1.141097	2.092667	1.379302
174	-30.64041	-48.24286	17.60245	0.8112714	0.6776153	1.228866	0.9413321
180	-32.66858	-48.33769	15.66911	0.6942727	3.135295	1.051801	1.411114
186	-32.57091	-49.49334	16.92242	0.8236169	0.7344404	1.299864	1.411114
192	-34.91351	-50.26791	15.3544	0.2565163	4.578788	0.2726086	2.362244
198	-32.96937	-48.86198	15.8926	0.1212572	8.130289	0.2565699	1.555088
204	-30.24398	-48.15762	17.91364	1.360787	0.4920656	0.6243376	1.013105
210	-28.20021	-44.89752	16.69731	0.7997049	1.502335	0.7313781	1.484453
216	-38.17137	-52.15159	13.98022	0.02668751	3.585541	1.945163	2.441068
222	-35.98898	-53.21892	17.22994	0.8893265	0.923304	0.3768693	1.801625
228	-32.44141	-48.79093	16.34952	0.7814212	1.960928	1.270936	1.086485
234	-29.3557	-47.24622	17.89052	0.09594963	0.3642971	1.487034	1.561534
240	-32.37358	-48.2564	15.88282	0.2054655	1.316471	1.487034	2.067625
246	-32.00879	-47.35487	15.34609	1.037529	0.5568069	5.128358	1.340711
252	-33.83246	-47.91606	14.08361	1.637026	0.5568069	9.593144	1.113929
258	-36.68099	-49.66276	12.98177	1.637026	0.8525927	11.32875	1.482793
264	-34.77691	-47.2774	12.50048	1.881434	0.7927278	16.57574	1.225892
270	-35.6745	-46.50645	10.83195	1.137038	0.7927278	29.03371	2.2363
276	-35.62382	-45.38374	9.759922	2.803451	1.102872	40.93449	1.096799
282	-38.26332	-48.60931	10.34599	2.614667	1.102872	40.93449	0.4301727
288	-35.351	-49.80555	14.45456	0.6257951	1.102872	5.391252	1.776916
294	-39.00529	-52.09936	13.09407	1.469637	1.346345	2.99668	2.496295
300	-33.58436	-49.13376	15.54939	0.9445164	2.37758	1.302572	1.405943
306	-32.05411	-49.87268	17.81858	1.591726	0.403038	0.8497051	0.3466334
312	-27.65395	-46.04087	18.38693	0.349405	0.3518098	0.8141175	1.481761
318	-33.40898	-51.06066	17.65169	1.750457	0.2147237	1.238629	0.7940387
324	-31.32929	-49.02772	17.69844	1.750457	0.3882982	0.7789466	0.2850122
330	-30.42518	-48.50897	18.08378	0.3584323	0.7470246	1.080222	0.9579974
336	-32.08798	-46.9359	14.84793	1.973008	0.5051566	5.403304	0.9579974
342	-29.51002	-46.20386	16.69384	1.39456	0.16687	2.653009	1.353815
348	-43.09511	-58.22516	15.13005	2.264055	0.1830929	2.669268	1.818555
354	-38.00534	-55.84855	17.84321	2.023071	0.1830929	0.9198051	0.3475879
360	-40.99012	-59.68268	18.69255	1.061915	0.124059	0.9198051	1.066682
366	-37.23493	-52.76362	15.5287	0.9155247	0.4687102	4.129828	1.629063
372	-31.07107	-47.56626	16.49519	1.324077	0.4182906	2.704485	1.036083
378	-29.93154	-47.40937	17.47783	0.2672146	0.5181613	2.704485	0.9355894
384	-26.55273	-44.15088	17.59816	0.3561215	0.7301509	1.604548	1.044134
390	-30.93898	-47.32061	16.38163	0.6595732	2.126914	1.604548	0.8092537
396	-39.89505	-54.81282	14.91778	1.322443	0.4629204	9.910669	0.5721062
402	-37.80934	-54.89733	17.08799	0.5141035	0.6248022	0.8028674	1.9634
408	-30.6423	-48.097	17.4547	0.3694034	2.059665	0.5005933	1.200456
414	-38.32944	-54.0573	15.72786	1.524939	2.894001	0.5005933	1.328964
420	-29.95841	-49.82096	19.86255	0.7708322	0.3063166	0.1662453	0.9639741
426	-28.10894	-46.95849	18.84955	0.1128085	0.3498784	0.1662453	2.153443
432	-32.10788	-49.30915	17.20127	0.0290633	0.4724021	1.59053	1.898758
438	-32.23534	-48.97768	16.74234	0.1249511	1.004782	1.59053	1.675547
444	-35.74287	-53.04346	17.3006	0.2849906	1.402755	0.6147587	1.590245
450	-33.0213	-48.99272	15.97142	0.7646788	1.170175	3.22519	0.9583844
456	-31.66664	-49.87316	18.20652	0.8044218	1.026155	0.4069067	0.9583844
462	-35.31398	-52.66453	17.35055	0.8116964	1.81778	0.4374685	1.127338
468	-32.77181	-50.45669	17.68488	0.8116964	1.349002	0.5847828	0.8841128
474	-29.41259	-46.60677	17.19418	1.175452	1.349002	0.580072	1.025029
480	-28.28819	-45.98656	17.69837	0.7871937	1.760398	0.4727664	0.7473476
486	-28.23576	-44.04514	15.80938	0.4321077	0.9710057	2.609201	1.729958
492	-30.74766	-47.03569	16.28803	0.7883154	0.9710057	1.756054	1.4651
498	-28.60808	-44.6878	16.07973	0.8665025	0.7146934	0.6861678	2.405017
504	-29.08351	-49.20874	20.12523	0.3994792	0.08400565	0.5979321	0.8524327
510	-29.15816	-45.86347	16.70532	0.9880641	0.501914	2.291348	1.201546
516	-30.19028	-48.19691	18.00664	1.224536	0.6751048	0.283482	1.351981
522	-32.31633	-48.66724	16.35092	1.834186	0.5306936	2.025179	0.2829422
528	-34.11141	-50.03978	15.92837	2.027496	0.5306936	2.545357	0.7416203
534	-28.84982	-45.41832	16.56849	0.641204	0.8366777	2.545357	1.113302
540	-31.76056	-48.42051	16.65995	1.620385	0.6968608	1.493621	0.2748598
546	-33.65593	-49.16261	15.50668	1.420595	0.5482302	4.668996	0.9888146
552	-35.82204	-49.42036	13.59832	2.023811	1.400217	7.182214	0.7184711
558	-40.88366	-53.60931	12.72566	2.1018	2.763079	7.182214	0.7184711
564	-33.55927	-51.4474	17.88813	0.7561861	0.3936041	0.9964925	1.334895
570	-36.1001	-52.54054	16.44044	3.544218	0.3936041	0.3660544	0.236048
576	-30.45611	-48.82205	18.36594	1.255039	0.3936041	0.5750342	0.236048
582	-33.0409	-49.53432	16.49341	1.598196	0.9575516	1.539667	0.472741
588	-33.19237	-51.34579	18.15342	0.8103572	0.5785545	1.048976	0.463681
594	-29.61324	-46.24972	16.63648	0.7917485	0.3741934	5.011004	0.4653401
600	-30.6379	-46.24542	15.60752	1.597282	1.034812	2.905071	0.6884512
606	-33.34276	-50.24967	16.90691	0.6402031	1.040859	1.294277	1.305467
612	-36.16634	-51.85538	15.68903	0.9510184	1.173172	2.795997	1.214546
618	-32.16676	-46.85149	14.68473	1.479612	3.329852	2.239055	0.7101625
624	-31.36396	-45.70473	14.34078	0.8460269	3.329852	3.220458	1.258351
630	-31.54952	-45.58009	14.03057	1.087881	1.717378	6.94256	1.091282
636	-29.26874	-46.42197	17.15324	0.8549318	1.717378	0.3854449	1.391194
642	-30.64703	-48.17342	17.52639	0.6175722	0.5059217	1.245025	1.391194
648	-34.31854	-48.81846	14.49992	1.099059	2.519615	2.698652	1.391194
654	-34.01586	-46.43317	12.41731	0.7752165	1.227785	7.584074	2.607031
660	-38.92406	-52.04353	13.11947	0.008856604	0.9685839	1.795576	3.919662
666	-30.14093	-47.31195	17.17102	0.08386637	0.9779317	0.734893	1.969719
672	-30.30855	-48.34644	18.03789	0.2379909	1.421166	0.4945589	1.182468
678	-32.00697	-48.41201	16.40505	1.156317	1.581449	0.4945589	1.646368
684	-35.1468	-47.54497	12.39817	0.09946715	1.581449	2.665275	3.71368
690	-26.45779	-46.7778	20.32001	0.5564125	0.1122091	0.3675697	0.7482558
696	-35.88543	-51.22295	15.33752	1.209103	1.555207	3.082918	0.8951569
702	-42.16439	-52.01656	9.852171	1.037231	2.081188	34.73828	2.053382
708	-43.03743	-54.45126	11.41383	1.371905	0.3905101	27.61321	2.158361
714	-32.64824	-49.23755	16.58931	0.8583843	0.3905101	1.700105	1.801376
720	-29.86185	-48.37764	18.51579	1.633918	0.3682049	0.3446035	0.271896
726	-31.63727	-49.41348	17.77621	1.675919	0.3682049	0.929031	0.5001935
732	-39.43566	-53.1914	13.75574	2.256216	3.079312	2.408239	0.2308125
738	-36.90389	-50.46573	13.56184	2.256216	2.971073	2.408239	1.156279
744	-26.24561	-43.98707	17.74147	0.2858256	0.8200308	0.85193	1.444507
750	-38.55446	-52.9724	14.41793	1.527988	0.8249754	1.00356	2.718122
756	-32.91513	-49.69727	16.78214	1.483057	0.5144516	0.8296006	1.596139
762	-31.04554	-49.13961	18.09407	0.7442962	0.5363411	0.4108712	1.596139
768	-33.86651	-51.91911	18.0526	0.1405598	1.007604	0.4108712	1.641827
774	-37.54081	-51.82564	14.28483	4.024448	1.007604	1.161976	0.6443507
780	-32.06785	-50.63574	18.56789	0.5601825	0.9426502	0.2136596	1.329487
786	-34.04353	-53.27412	19.23059	0.1008908	0.2103075	0.310351	1.874565
792	-25.41047	-45.47074	20.06027	0.04391828	0.2103075	0.08018389	1.844361
798	-26.50914	-45.53931	19.03018	0.7649135	0.8318664	0.2406896	0.694299
804	-30.05337	-47.6304	17.57703	1.191257	2.16493	0.2406896	0.694299
810	-28.36535	-47.39641	19.03106	1.154439	0.9974065	0.03094085	0.980549
816	-28.34006	-47.21254	18.87248	1.002762	0.8561086	0.03094085	1.382217
822	-31.68507	-49.82343	18.13836	0.886307	1.228811	0.2859239	1.017908
828	-34.53873	-48.71777	14.17904	2.162011	2.115932	2.734521	0.2410782
834	-39.90835	-55.21375	15.30539	1.9028	0.6402589	2.539846	0.1184541
840	-33.94634	-50.17737	16.23103	1.607683	0.4670776	2.539846	0.2006785
846	-34.33576	-49.32785	14.99209	1.333232	0.4670776	6.749799	1.181498
852	-36.80632	-51.92908	15.12275	1.196644	1.660813	3.641227	0.8194855
858	-44.72453	-58.81146	14.08693	2.092677	1.093046	1.94313	1.934387
864	-39.85867	-55.39228	15.53361	2.092677	1.093046	1.952496	0.7000307
870	-35.70424	-53.12785	17.42362	1.176092	0.8460055	1.032307	0.6485372
876	-31.3003	-50.91726	19.61696	1.479233	0.1234321	0.2784614	0.3911805
882	-33.99439	-53.77806	19.78367	0.2135197	0.1865723	0.5287208	1.108438
888	-34.62967	-50.68485	16.05518	0.6542294	1.218458	0.6961244	2.2132
894	-30.90686	-49.01853	18.11167	0.6582613	1.218458	0.4355739	0.969899
900	-29.24318	-49.25067	20.00749	0.8995448	0.2054083	0.2545831	0.5287772
906	-25.37819	-44.66181	19.28362	0.05408349	1.956497	0.03426478	1.080706
912	-29.19453	-45.6939	16.49938	0.1845183	6.907779	0.03426478	1.836771
918	-34.0905	-53.14926	19.05876	0.2474308	0.5322375	0.04911494	2.029451
924	-33.30056	-51.95327	18.65271	1.202888	0.788066	0.09534795	1.213311
930	-33.28835	-51.41211	18.12377	0.01775919	1.418523	0.1252627	1.948211
936	-33.29929	-49.68047	16.38118	0.06882897	13.58379	0.1222347	0.8193635
942	-30.40759	-47.26802	16.86044	0.1509528	4.702089	0.04441995	1.955908
948	-30.84288	-47.93271	17.08983	0.6928821	5.308466	0.07012747	1.16069
954	-32.34599	-48.72192	16.37593	0.2840043	3.199681	1.147198	1.064279
960	-27.93954	-45.71628	17.77674	1.103081	0.5680643	1.147198	0.5775266
966	-31.88784	-43.19852	11.31068	1.508147	0.6078612	20.03305	2.273443
972	-29.28938	-42.49095	13.20157	2.464673	0.6078612	11.79002	0.7231305
978	-32.95692	-45.50728	12.55037	2.464673	0.7534936	11.79002	1.208669
984	-35.18362	-47.71905	12.53542	2.940234	0.7534936	11.79002	0.3314296
990	-36.82935	-48.53246	11.70312	2.986165	1.725189	11.79002	0.4521343
996	-34.71113	-47.8092	13.09807	2.45176	0.7221149	11.79002	0.653329
1002	-38.73942	-53.14498	14.40556	2.114446	1.094573	1.704371	1.803923
1008	-33.0034	-47.38134	14.37795	1.781788	1.094573	3.789524	1.344349
1014	-28.15725	-43.79765	15.6404	0.5363114	1.094573	2.431571	1.751608
1020	-32.31151	-46.57932	14.26782	0.8121934	1.094573	5.984756	1.677172
1026	-32.20049	-48.65832	16.45783	1.413684	1.094573	1.498062	0.7828535
1032	-33.85547	-49.57102	15.71555	0.5883896	1.196633	2.663671	1.512205
1038	-35.33282	-50.53836	15.20554	0.3260335	1.196633	2.039211	2.261428
1044	-34.78567	-51.67797	16.89229	1.118201	3.538193	0.3087216	0.6415084
1050	-36.83712	-50.42235	13.58523	0.7553425	1.182329	6.395256	2.062115
1056	-36.71177	-51.16338	14.4516	2.553678	0.3121571	6.395256	0.8957526
1062	-36.82197	-53.60327	16.7813	0.2030108	0.3121571	6.395256	0.9191111
1068	-38.8587	-51.62026	12.76156	1.2986	1.041669	20.1052	0.9696316
1074	-40.66247	-55.30684	14.64436	1.544383	0.3982406	4.059492	1.913165
1080	-37.23941	-52.15158	14.91217	1.496324	2.238875	2.886616	0.4371325
1086	-35.62062	-50.89465	15.27403	1.427104	1.060204	4.061103	0.754973
1092	-33.46346	-50.28804	16.82459	0.8185984	0.3487317	4.061103	0.7992596
1098	-33.02944	-49.79046	16.76103	0.9835437	0.3487317	4.061103	0.6279727
1104	-35.21699	-49.53857	14.32158	1.330083	3.198919	3.505694	0.335184
1110	-34.82988	-49.88213	15.05225	0.03590471	3.198919	3.505694	1.291297
1116	-34.53722	-49.37693	14.83971	1.099752	3.132848	1.448257	1.478591
1122	-35.157	-50.84225	15.68525	1.070381	0.8467975	3.714524	1.075033
1128	-39.11923	-52.39574	13.27651	1.097912	2.810898	3.238964	2.001207
1134	-43.53664	-54.77264	11.236	2.12579	1.663047	12.32158	1.788422
1140	-31.68234	-48.5859	16.90356	0.2824224	1.813111	0.7155968	1.573255
1146	-32.3795	-47.83125	15.45175	0.8860347	2.418676	2.370814	0.919704
1152	-34.41039	-50.12115	15.71076	0.5933516	2.418676	1.57403	1.376775
1158	-34.78108	-49.36621	14.58513	1.767335	1.453048	1.883422	1.629867
1164	-31.29872	-49.52162	18.2229	1.432002	0.6333392	0.4139004	0.703417
1170	-33.00874	-50.03376	17.02502	2.500828	0.6482282	0.5002341	0.6116277
1176	-31.7188	-47.87474	16.15594	1.802503	0.3715446	3.194757	0.7335627
1182	-33.4082	-47.26561	13.85741	0.2232269	0.4338374	4.140922	3.173395
1188	-30.46304	-46.16411	15.70107	0.8863281	1.308324	3.010061	1.076313
1194	-28.39097	-43.87074	15.47977	0.8863281	0.4917278	3.010061	1.945184
1200	-29.40536	-47.1618	17.75644	0.8418653	0.1312892	2.327205	1.168181
1206	-37.05025	-55.25563	18.20538	2.518961	0.1900903	0.3021484	0.7781698
1212	-29.67667	-47.04669	17.37002	3.203164	0.1650366	0.08296611	0.07542826
1218	-31.58735	-50.09743	18.51008	1.875406	0.3236174	0.1398862	0.1364049
1224	-27.51745	-45.29333	17.77587	1.404963	0.7146572	0.663865	0.6432301
1230	-30.28242	-47.26577	16.98335	1.239063	0.9701059	0.945488	1.059775
1236	-33.19005	-50.80052	17.61046	1.6374	0.3575738	0.945488	0.2423775
1242	-34.15962	-47.93172	13.7721	2.731025	0.3575738	8.679938	0.2717776
1248	-34.3237	-48.46429	14.14059	1.285533	0.3391079	14.67291	1.113332
1254	-34.26186	-48.05058	13.78871	1.307991	1.350434	6.635271	1.389103
1260	-27.04214	-45.62653	18.58439	0.8916018	0.5271165	0.6320358	0.676061
1266	-30.95059	-49.15753	18.20694	1.364809	0.5271165	0.5986774	0.4666989
1272	-29.55272	-46.76243	17.20971	0.6986519	1.773567	0.2682662	1.632569
1278	-28.73356	-43.53364	14.80008	0.2387156	1.721103	0.9534724	2.834271
1284	-35.36682	-51.01471	15.64789	0.9013389	1.758936	1.234178	1.670781
1290	-35.48972	-50.71858	15.22887	2.381521	1.758936	1.234178	0.7177095
1296	-29.85562	-46.6023	16.74668	0.3909633	0.9213638	1.595636	1.538992
1302	-31.32557	-49.59965	18.27408	0.6479044	0.1971895	2.070217	0.7324601
1308	-35.60779	-51.57933	15.97154	1.325475	0.1971895	5.048566	1.226035
1314	-31.59282	-47.20575	15.61292	1.579228	0.8700565	3.371646	0.674109
1320	-35.70979	-50.79502	15.08523	1.62053	0.8700565	1.024042	2.195892
1326	-34.15066	-48.50546	14.3548	1.15745	0.7545061	7.424688	1.389702
1332	-36.60676	-46.36664	9.759875	2.576642	1.083694	38.77099	1.389702
1338	-32.95023	-43.392	10.44177	2.955949	1.083694	28.695	0.9527866
1344	-35.32736	-46.42143	11.09407	2.955949	0.8861719	22.96854	0.8996442
1350	-35.27812	-47.86367	12.58554	2.955949	0.3203909	17.37712	0.7034255
1356	-31.08766	-47.19134	16.10367	1.835775	0.3203909	3.721675	0.5801713
1362	-34.88991	-51.68463	16.79471	0.9262888	0.6585859	1.61623	1.321274
1368	-36.52077	-52.38953	15.86876	1.706414	1.309417	0.9821083	1.319849
1374	-35.92267	-50.50766	14.58498	1.972421	4.977294	0.9821083	0.3735966
1380	-30.10202	-45.18591	15.08388	1.702158	6.071442	0.5651066	0.3735966
1386	-34.61909	-51.14228	16.52318	2.10775	1.335735	0.5651066	0.7639317
1392	-33.47677	-46.82251	13.34574	1.875696	15.90162	0.5815484	0.7037784
1398	-27.43682	-43.80609	16.36927	0.965109	3.527309	0.7406471	0.5121342
1404	-26.53209	-45.83886	19.30676	1.153999	0.4886181	0.1568158	0.7861885
1410	-32.60302	-48.68633	16.08331	0.9565327	3.163479	0.9747907	0.8543869
1416	-28.67191	-45.87183	17.19992	0.3488372	3.307527	0.3775953	1.122598
1422	-37.11364	-53.05889	15.94525	1.364332	3.307527	0.6076375	0.980317
1428	-30.72982	-48.00468	17.27486	0.3329179	3.38247	0.3617399	1.071168
1434	-34.113	-52.39879	18.28579	0.7838355	1.188887	0.259327	1.071168
1440	-26.55652	-47.38033	20.82382	0.2970719	0.06033611	0.04420493	1.652293
1446	-26.49299	-47.92247	21.42948	0.1598502	0.02220628	0.005279547	1.358507
1452	-26.09918	-46.54054	20.44136	0.4921077	0.2256497	0.03780046	1.358507
1458	-30.42521	-49.51261	19.0874	0.5480455	0.7589143	0.07774849	1.479766
1464	-29.8851	-49.21611	19.33101	1.152451	0.2079102	0.381906	0.8005906
1470	-38.77283	-57.70445	18.93161	1.152451	0.4144669	0.381906	0.6777918
1476	-35.4715	-54.29901	18.82751	1.585446	0.133828	0.6249272	0.6550099
1482	-37.21631	-53.03797	15.82165	2.173127	1.585216	0.9489756	0.3306433
1488	-39.96477	-55.45227	15.4875	3.279251	4.10126	0.04031293	0.4950769
1494	-38.97938	-54.92238	15.94299	0.7060231	11.21838	0.0407148	1.286522
1500	-29.65053	-46.68279	17.03227	0.827353	3.706013	0.0407148	1.603031
1506	-28.51298	-46.75521	18.24223	0.5369841	0.855546	0.3545762	1.408303
1512	-26.97512	-46.21911	19.24399	0.2956601	1.701749	0.04099589	1.010168
1518	-28.49924	-46.24002	17.74078	0.3485646	1.701749	0.07253049	1.99871
1524	-32.01184	-47.77913	15.76729	1.271412	9.766328	0.09989875	0.8607417
1530	-30.89423	-48.37936	17.48514	0.1540849	8.868684	0.03584689	0.635794
1536	-32.09585	-49.8999	17.80404	1.583249	2.310775	0.03584689	0.8078431
1542	-31.53843	-47.27992	15.74149	0.6363673	6.395285	0.004791426	2.001723
1548	-36.99401	-52.27995	15.28593	1.349094	15.15127	0.005095316	0.6167172
1554	-34.45875	-48.46217	14.00342	1.282882	22.79883	0.05625917	1.354478
1560	-30.63586	-46.79088	16.15501	0.9415638	11.8829	0.03642866	0.7701422
1566	-25.00652	-43.88334	18.87682	0.7589388	0.7199011	0.03642866	1.663652
1572	-34.86995	-50.29935	15.42939	0.4137714	22.64745	0.02739952	0.9976781
1578	-35.48373	-49.47605	13.99232	0.2692041	29.1993	0.007856101	1.82586
1584	-38.69846	-50.39703	11.69857	1.016966	69.94624	0.007856101	1.714433
1590	-33.57106	-45.74678	12.17572	0.2068919	85.63878	0.01816747	1.714433
1596	-35.17296	-48.95228	13.77932	1.051737	34.06394	0.003793555	0.972404
1602	-29.97336	-44.05598	14.08261	0.4459966	34.06394	0.03312304	1.459739
1608	-32.52185	-45.1956	12.67375	0.7707675	47.99866	0.01999173	1.797162
1614	-27.04431	-44.92355	17.87924	0.2730444	3.93479	0.01717971	1.382253
1620	-29.11006	-47.18244	18.07238	0.691698	2.637517	0.01717971	1.306792
1626	-30.74537	-46.36437	15.619	0.2652439	15.17428	0.01717971	1.555437
1632	-29.89744	-45.43097	15.53353	0.6610703	13.84401	0.00924136	1.392466
1638	-35.41716	-49.09653	13.67937	0.6630501	12.29741	0.01784256	2.793063
1644	-33.50547	-50.66192	17.15645	2.957717	0.6679107	0.219982	0.4727719
1650	-42.59584	-55.76908	13.17324	0.3679459	1.792412	1.022481	3.651813
1656	-48.85915	-61.75068	12.89154	1.832871	3.656999	1.439931	2.183185
1662	-50.46267	-63.99311	13.53044	1.852297	1.733386	6.399942	0.9383717
1668	-46.50642	-61.78818	15.28177	2.085432	0.9025018	1.319508	1.537771
1674	-40.1856	-56.67907	16.49346	1.583699	0.9593836	1.530873	0.6080241
1680	-34.97793	-52.55901	17.58108	1.450684	1.231959	0.1943664	1.231546
1686	-36.56589	-52.84438	16.27849	0.3652612	0.314092	0.06255676	3.852391
1692	-36.90562	-51.97435	15.06873	0.4919381	0.3635514	0.3879067	3.852391
1698	-32.93031	-49.00411	16.0738	0.4322795	1.569093	0.2152518	2.730868
1704	-34.90471	-52.53951	17.6348	1.29797	0.4811468	0.127407	2.101042
1710	-33.23906	-51.38276	18.14371	0.2643559	0.2451559	0.1552982	2.682093
1716	-31.0181	-49.12891	18.11081	0.3309357	0.2326256	0.1552982	2.682093
1722	-26.8233	-44.19756	17.37426	0.9234055	2.139341	0.4135379	0.8384383
1728	-33.72297	-50.94898	17.22602	0.3704618	0.8133058	2.684288	0.5143419
1734	-32.38932	-48.04305	15.65374	1.412284	0.5386149	2.684288	1.499293
1740	-31.56492	-49.17201	17.6071	0.4669836	0.5386149	1.154892	1.465061
1746	-31.04571	-49.12753	18.08182	0.01200175	0.5386149	1.154892	1.450037
1752	-30.73809	-49.69252	18.95443	0.01100981	0.4317491	0.9030216	1.081829
1758	-28.89927	-48.78713	19.88785	0.01771123	0.3030835	0.4734252	0.9858276
1764	-29.08799	-48.05619	18.9682	0.5669444	0.3030835	0.397581	1.423976
1770	-26.44474	-45.32236	18.87763	0.08946866	0.2975633	0.397581	1.843543
1776	-32.01736	-49.97393	17.95657	0.1966881	1.01033	0.2062011	1.996593
1782	-36.74745	-54.32961	17.58216	0.1062836	1.402363	0.3853501	1.789489
1788	-31.5243	-48.95868	17.43438	0.1398417	1.221302	0.3155852	2.065698
1794	-35.08906	-49.67841	14.58936	0.02894235	1.762234	0.9892136	3.049384
1800	-32.32694	-49.03952	16.71258	0.2002599	0.6353496	0.5570774	2.606685
1806	-32.64326	-49.66809	17.02483	0.1353953	0.8169282	3.08161	0.9497901
1812	-32.1514	-46.88185	14.73045	0.254751	0.9762495	0.6509278	3.439155
1818	-38.22166	-53.23188	15.01023	0.1457226	7.82195	0.6509278	1.695177
1824	-28.32706	-46.16297	17.83591	0.5753859	0.4727444	0.6578807	1.695177
1830	-31.27418	-48.68103	17.40684	1.318106	0.6555866	1.062057	0.7853666
1836	-33.37549	-47.61601	14.24052	1.620268	2.81902	3.526297	0.4192458
1842	-33.32106	-49.39448	16.07341	0.4310691	3.306328	0.3120457	2.004764
1848	-29.35506	-48.35061	18.99555	0.632018	0.6853131	0.06361923	1.604851
1854	-23.2927	-43.25556	19.96286	0.1858828	0.6853131	0.08518084	1.108498
1860	-29.60816	-47.29877	17.69062	0.0336543	1.214634	0.7350133	1.481985
1866	-26.44317	-44.76553	18.32236	1.479876	0.7775723	0.2535352	0.3228126
1872	-29.28892	-47.48126	18.19234	1.299881	0.6006881	0.5771355	0.5302497
1878	-36.27201	-53.77266	17.50065	2.240254	0.9536019	0.1996213	0.3100551
1884	-35.38094	-51.88262	16.50168	1.262094	6.777967	0.06995991	0.8197756
1890	-32.14752	-49.40335	17.25583	0.9542773	2.730899	0.3823768	0.5732656
1896	-32.47386	-50.84512	18.37126	1.586461	0.4606411	0.4273236	0.4430299
1902	-34.68474	-54.01759	19.33285	1.341949	0.5830265	0.07989566	0.6972968
1908	-34.4905	-51.16164	16.67114	0.6869177	1.811976	0.2297233	2.06298
1914	-28.12661	-46.52563	18.39902	0.6902738	0.7805533	0.3958025	1.157078
1920	-32.14267	-48.27636	16.1337	0.9619533	1.430198	0.9872539	1.608247
1926	-32.32608	-47.43441	15.10834	0.436161	2.410489	2.330507	1.608247
1932	-26.50863	-43.45719	16.94856	0.3802328	0.80691	1.461816	1.563673
1938	-29.62004	-45.3348	15.71475	0.158832	0.80691	3.617403	1.819756
1944	-27.89719	-45.45526	17.55807	0.1502756	0.612613	1.312427	1.555022
1950	-31.25054	-46.86696	15.61642	0.7954206	0.6611396	3.199615	1.683729
1956	-28.77975	-47.18327	18.40352	1.067868	0.5652758	0.5024635	0.8771862
1962	-32.3966	-49.84719	17.45059	0.5429411	0.5652758	0.8390101	1.725808
1968	-30.94741	-46.45624	15.50882	1.334777	1.558258	2.249529	0.9933423
1974	-31.3495	-47.94443	16.59493	1.360566	1.558258	1.083661	0.4950365
1980	-36.45064	-50.41792	13.96728	1.743772	1.558258	5.638026	0.9111478
1986	-32.86134	-46.44501	13.58367	0.7657345	1.558258	5.843883	1.945491
1992	-32.29447	-47.30934	15.01487	0.5938632	1.528704	2.294762	1.945491
1998	-34.03815	-49.52715	15.489	1.127261	0.3737011	3.076021	1.903623
2004	-27.65802	-43.70835	16.05033	0.9558022	0.3737011	3.076021	1.631579
2010	-35.36266	-53.28125	17.91859	0.5010871	0.3518639	0.4309418	2.087922
2016	-32.08602	-49.7492	17.66318	0.162947	1.950134	0.4309418	1.351218
2022	-30.65438	-46.35425	15.69987	1.716324	1.950134	1.285113	0.3034467
2028	-32.35291	-49.02921	16.67629	1.93703	0.3604742	1.920248	0.3294629
2034	-31.70418	-50.26725	18.56307	1.399731	0.3001509	0.6074538	0.3841027
2040	-28.03523	-47.01991	18.98469	0.8755591	0.4569167	0.4571037	0.6891022
2046	-35.94052	-54.17461	18.23409	1.177762	0.4480838	0.752314	0.3170003
2052	-34.43906	-52.02591	17.58685	0.9933137	0.6735619	1.025988	0.9672115
2058	-31.69626	-46.6011	14.90484	1.250317	0.7997131	4.797216	1.337923
2064	-32.91656	-48.34648	15.42992	0.9102225	0.7997131	1.354096	2.29579
2070	-30.62365	-47.37756	16.75391	0.1984435	0.7997131	1.354096	1.893305
2076	-28.60498	-44.73679	16.13181	0.2159673	0.504047	3.190337	1.893305
2082	-27.76721	-45.17551	17.4083	0.2120345	2.944393	0.3160929	1.300223
2088	-29.41935	-45.29144	15.87209	0.2511008	1.6604	1.143888	2.061078
2094	-29.16741	-45.90274	16.73533	1.276854	1.6604	0.2183	1.706809
2100	-38.24018	-51.7742	13.53402	2.202521	3.050177	3.393133	0.3173319
2106	-41.82996	-55.77774	13.94778	1.807516	1.12424	6.370175	1.042802
2112	-34.85364	-50.64093	15.7873	0.4581608	1.12424	3.021976	1.485266
2118	-36.24207	-49.7871	13.54503	1.590633	1.213264	4.47323	1.85061
2124	-41.50855	-52.65253	11.14398	1.64019	5.635376	4.47323	2.148622
2130	-39.36766	-51.20064	11.83298	1.257741	5.635376	6.795363	1.525946
2136	-37.79015	-53.57534	15.78519	1.156965	5.635376	0.497684	0.7534657
2142	-34.28794	-50.7436	16.45566	1.482493	2.863268	0.251109	1.195756
2148	-33.97536	-50.96759	16.99223	1.536919	2.185479	0.1629864	1.196278
2154	-31.70031	-48.96252	17.26221	0.7320926	0.8120157	0.292834	2.092165
2160	-32.94223	-51.51477	18.57255	1.229945	0.2556637	0.6197699	0.9763982
2166	-35.10579	-51.00342	15.89763	1.495142	1.373275	1.894562	0.7466105
2172	-35.60554	-51.20101	15.59547	1.706106	1.373275	1.741226	0.9732526
2178	-34.06516	-51.30212	17.23696	0.2751286	0.5041544	1.741226	1.592081
2184	-34.16784	-47.60745	13.4396	0.2785388	1.418472	1.741226	3.368171
2190	-33.16176	-49.99598	16.83422	0.8988286	0.6251143	1.741226	1.280831
2196	-31.94963	-48.8266	16.87697	1.734837	0.6251143	1.134125	0.8946065
2202	-37.194	-52.77133	15.57733	2.206407	0.5840854	2.843399	0.6575519
2208	-32.18312	-48.55588	16.37276	0.716346	0.8433763	1.624542	1.622447
2214	-31.15173	-46.36158	15.20986	0.561945	1.190857	0.8792237	2.680112
2220	-29.95943	-46.96193	17.0025	1.291206	1.190857	0.8792237	0.8376528
2226	-31.85594	-50.20602	18.35008	1.11324	1.190857	0.1964687	0.8376528
2232	-33.01115	-49.24624	16.23509	1.107286	1.74315	1.461368	0.8517665
2238	-28.28154	-47.95707	19.67553	0.6329971	0.5373145	0.2167001	0.5577135
2244	-34.27692	-51.35485	17.07793	0.7985689	4.044733	0.2465871	0.8155879
2250	-31.42987	-51.27215	19.84228	0.7954617	0.4662716	0.09701221	0.8974379
2256	-27.77237	-49.09094	21.31858	0.2164103	0.05193652	0.04015743	1.389606
2262	-35.64696	-52.55625	16.90929	1.266561	1.122941	0.09099489	2.181706
2268	-39.45535	-55.77479	16.31944	0.7949681	2.616302	0.4089331	1.65089
2274	-26.51609	-43.54514	17.02905	0.1039921	5.424351	0.1794655	1.322606
2280	-23.48759	-44.48781	21.00022	0.2435274	0.1432861	0.01926232	1.369841
2286	-29.00168	-50.61688	21.6152	0.2688149	0.1520636	0.02410849	0.6779537
2292	-34.62814	-53.49701	18.86887	0.3657225	0.7176922	0.02410849	1.976676
2298	-28.79476	-45.76156	16.9668	1.21204	5.971547	0.02410849	0.800543
2304	-30.99786	-48.07632	17.07845	1.453638	1.946587	0.02410849	1.746187
2310	-29.97218	-46.02575	16.05357	1.245491	2.437977	0.271826	1.790848
2316	-30.0278	-47.4061	17.3783	0.8859803	1.69051	0.271826	1.400939
2322	-30.47959	-48.90376	18.42417	1.110788	0.3057387	0.271826	1.623946
2328	-31.3795	-49.84213	18.46263	0.4224348	1.183997	0.271826	1.211362
2334	-29.83171	-47.53861	17.7069	1.11749	0.6369385	1.043851	0.699016
2340	-31.07862	-47.09001	16.01139	0.8955252	0.6369385	1.722331	1.885025
2346	-29.2644	-47.68176	18.41736	0.1128983	1.283415	0.2724156	1.42781
2352	-33.59381	-51.12743	17.53362	0.9970379	1.283415	0.1967873	1.582023
2358	-30.44689	-46.95821	16.51132	0.7200634	1.816088	1.617771	0.7896381
2364	-30.49418	-48.66111	18.16693	0.9412402	0.4454432	0.4160332	1.502317
2370	-30.50433	-46.56625	16.06193	0.6239554	3.783639	0.1675753	2.027073
2376	-32.24966	-48.48168	16.23202	1.935413	3.52765	0.1778618	0.9221381
2382	-28.59334	-46.60919	18.01585	0.5572824	1.00883	0.1392459	1.861574
2388	-22.49216	-42.22768	19.73552	1.117436	0.2581596	0.1325511	0.9801418
2394	-22.86599	-42.59489	19.7289	1.433807	0.2581596	0.109057	0.7097872
2400	-28.48772	-48.89682	20.4091	0.900924	0.3494836	0.04494148	0.4421188
2406	-29.0496	-49.07026	20.02066	1.977578	0.1116836	0.02535787	0.7351297
2412	-26.98589	-45.42333	18.43744	1.665447	1.309657	0.03399025	0.7199387
2418	-30.38358	-46.56235	16.17876	1.962049	0.8182573	1.444862	0.2596064
2424	-33.59293	-48.98049	15.38757	1.102811	6.694515	0.6657627	0.3613441
2430	-29.94002	-48.2198	18.27977	0.9055297	0.7362272	0.6657627	0.4904348
2436	-26.86442	-44.71351	17.84909	0.6491845	0.7074789	1.134545	0.896877
2442	-30.84127	-48.39179	17.55053	0.1240768	1.431994	0.253652	1.98527
2448	-27.7316	-46.21195	18.48035	0.0659356	0.7493777	0.1775766	1.98527
2454	-26.24519	-46.61284	20.36765	0.4643824	0.171262	0.1775766	1.092267
2460	-27.49871	-48.36844	20.86973	0.04324644	0.171262	0.1532534	1.092267
2466	-29.05981	-48.71976	19.65996	0.9105651	0.171262	0.1583409	1.366902
2472	-31.91486	-49.30256	17.38769	1.539487	1.242176	0.2918008	1.08659
2478	-33.24425	-51.37678	18.13252	0.05969942	2.336703	0.2998471	1.08659
2484	-31.94646	-50.28572	18.33926	0.04496123	2.336703	0.1212738	1.372484
2490	-29.374	-49.38572	20.01172	0.05608408	0.8492429	0.1188329	0.8385539
2496	-32.72254	-51.53163	18.80909	0.09307283	2.344634	0.1188329	0.9117078
2502	-23.58914	-45.15852	21.56938	0.04060643	0.06717058	0.1820904	0.6187629
2508	-25.66119	-46.49841	20.83722	0.3337392	0.06717058	0.2230781	1.034292
2514	-28.76217	-48.5814	19.81923	0.4236294	0.2994079	0.2230781	1.183224
2520	-30.77334	-47.77611	17.00276	0.05230941	0.4590473	1.059878	2.312826
2526	-31.20256	-47.21941	16.01686	0.01249277	0.4590473	2.15754	2.465497
2532	-34.47136	-49.20377	14.73241	0.5773714	1.533801	1.902038	2.284604
2538	-33.75148	-51.45165	17.70016	0.1843266	0.3898948	1.902038	1.389387
2544	-43.91675	-59.39011	15.47336	1.055677	1.743343	0.3269304	2.470338
2550	-48.23068	-64.35706	16.12638	2.104444	0.3999871	0.6336207	1.934282
2556	-38.452	-55.59945	17.14746	1.990875	0.9954854	0.4821896	0.3807531
2562	-38.39011	-51.167	12.77689	2.901068	0.9954854	6.032396	1.288659
2568	-35.00675	-50.54956	15.54281	1.528939	0.4605467	5.681549	0.6034381
2574	-33.95093	-48.59714	14.64621	1.910961	0.8738349	5.474669	0.6034381
2580	-34.84664	-51.87056	17.02392	1.836986	0.8676814	0.7543736	0.351617
2586	-36.00924	-51.92389	15.91466	1.836986	0.3062504	4.297614	0.3749347
2592	-34.48692	-50.59554	16.10862	0.9417857	1.254183	1.985173	1.158806
2598	-36.90634	-51.1544	14.24807	0.4280058	1.254183	1.985173	2.784273
2604	-30.93512	-47.39498	16.45985	0.5253868	1.254183	1.475	1.483301
2610	-35.79289	-50.40241	14.60952	1.322927	1.039047	1.475	2.333435
2616	-30.95663	-47.57504	16.61841	0.9041984	2.32453	0.9742082	0.7207842
2622	-30.26047	-46.52615	16.26568	0.4973926	4.276153	0.2978226	1.611493
2628	-28.90857	-46.10108	17.19251	0.7598995	0.4876831	1.777243	1.254972
2634	-29.52082	-46.48061	16.95979	0.7210172	0.5474495	2.569773	1.018968
2640	-34.79664	-51.2003	16.40366	1.440815	0.3508151	3.374564	0.8502174
2646	-32.41591	-48.10582	15.68992	1.720436	1.232344	1.260342	1.298026
2652	-30.86707	-50.74291	19.87583	0.2790663	0.4022549	0.3668249	0.6422194
2658	-36.80438	-50.22251	13.41813	2.837545	0.4022549	10.36571	0.6422194
2664	-33.44876	-47.97943	14.53066	1.429305	1.153553	3.390397	1.56738
2670	-27.81192	-44.67364	16.86172	1.251657	1.318553	1.10917	0.4853696
2676	-30.40034	-47.35695	16.95661	1.251657	1.318553	1.010103	0.4853696
2682	-33.80591	-50.44031	16.6344	0.09701467	1.318553	2.242947	1.261864
2688	-37.21444	-49.86814	12.65369	0.03300755	0.7979082	0.8110451	4.745971
2694	-30.94064	-48.10364	17.16301	0.03859288	0.7979082	1.546979	1.618645
2700	-29.14474	-46.3921	17.24737	0.7535764	0.2387607	1.546979	1.730665
2706	-26.31055	-43.96573	17.65518	0.8483839	0.2803595	2.360616	0.786057
2712	-27.87957	-46.6051	18.72553	0.09255801	0.6528009	0.5922868	1.246901
2718	-29.19953	-47.04024	17.84072	0.5288372	0.4401474	0.8691834	1.580064
2724	-30.79348	-48.5878	17.79433	0.1291961	0.9536234	0.7107231	1.540273
2730	-31.71926	-47.60233	15.88307	0.3340157	2.771008	1.622235	1.284642
2736	-33.34915	-51.33356	17.98442	0.9809262	0.9202892	0.5134542	0.9227764
2742	-32.84021	-49.00411	16.1639	1.18593	2.397642	1.13528	0.6866033
2748	-35.27347	-52.03133	16.75786	0.8968317	5.198388	0.2321211	0.6866033
2754	-41.42155	-56.85936	15.43781	1.665001	2.913914	0.9972364	0.8772774
2760	-38.58255	-55.87228	17.28973	1.731952	0.8308085	0.5373588	0.9274981
2766	-35.7483	-51.31606	15.56776	1.10441	1.04972	2.392764	1.43545
2772	-36.02929	-52.65349	16.6242	1.661674	2.036213	0.2257472	1.309442
2778	-31.51025	-47.93299	16.42274	0.668581	3.068093	0.7819091	1.064963
2784	-29.33919	-45.83692	16.49772	0.3880415	3.818644	0.7819091	0.9862894
2790	-27.24888	-44.56322	17.31433	0.4548775	0.7533788	0.3601069	2.187939
2796	-26.30969	-44.2873	17.97761	0.7982959	0.7533788	0.1773158	1.82681
2802	-26.27563	-43.48032	17.20469	0.7438254	1.313655	0.1331015	2.111537
2808	-26.73004	-44.60761	17.87757	0.7441984	1.313655	0.1331015	1.65228
2814	-27.22975	-45.47989	18.25014	1.34977	1.313655	0.1331015	0.8014964
2820	-33.19048	-50.10737	16.91689	1.421249	1.196005	0.9807236	0.4613582
2826	-37.41656	-50.88217	13.4656	3.483946	1.409754	2.48589	0.8661714
2832	-32.36065	-48.83716	16.47651	1.223498	0.5753993	2.044298	1.213541
2838	-32.14658	-51.42105	19.27448	0.6012075	0.7442483	0.2583978	0.6507722
2844	-41.2489	-57.87055	16.62165	1.67149	2.830411	0.2583978	0.2675878
2850	-35.67989	-54.33189	18.652	1.163587	0.7096259	0.2583978	0.8156539
2856	-27.97097	-46.5584	18.58742	0.3105368	1.615388	0.2912552	0.8156539
2862	-32.56809	-52.28592	19.71783	0.388431	0.2979366	0.2912552	1.152172
2868	-32.73354	-51.2044	18.47087	0.5543105	0.3869932	0.8553659	1.152172
2874	-32.25876	-48.62124	16.36247	2.213324	0.8452387	0.8021355	0.2027733
2880	-35.33755	-51.03257	15.69502	0.5197127	6.887163	0.7512106	0.8518019
2886	-30.02992	-48.3226	18.29268	0.4840653	1.311438	0.4714284	0.7988113
2892	-29.9054	-48.5756	18.6702	0.9825383	0.3612895	0.4741529	1.105224
2898	-36.3876	-53.27101	16.88341	0.4587437	1.474278	0.4741529	1.87778
2904	-32.08934	-48.75156	16.66222	0.940995	1.474278	1.135653	1.056993
2910	-29.30508	-48.47413	19.16905	0.2490595	0.5311197	0.2458764	1.443188
2916	-32.11828	-52.13338	20.01509	0.3674475	0.4731634	0.228009	0.5558522
2922	-31.66519	-50.06828	18.40309	1.183862	0.857667	0.2702508	0.2661135
2928	-34.11754	-51.99	17.87247	0.52498	0.857667	1.072415	0.8716043
2934	-37.92284	-53.28544	15.3626	0.5349547	2.916539	0.5267294	2.241935
2940	-40.79182	-55.93238	15.14056	0.3630411	2.630066	0.5267294	2.572553
2946	-44.2021	-59.54455	15.34245	1.856488	1.349662	0.2057789	2.420173
2952	-41.9271	-58.84667	16.91956	0.07511146	1.701303	0.4218346	2.066178
2958	-43.11314	-58.96791	15.85477	2.278834	0.402767	2.257818	0.9727429
2964	-34.91431	-49.80771	14.8934	1.161827	2.583007	0.9474829	1.884162
2970	-33.87434	-50.80707	16.93273	2.670237	0.6432828	0.4170014	0.7548211
2976	-40.12946	-55.70246	15.573	2.670237	0.3434221	2.129932	0.1862306
2982	-34.01191	-52.45864	18.44672	1.210118	0.5773838	0.4719603	0.6549449
2988	-33.24903	-51.52967	18.28064	0.2274916	0.3760922	0.6939356	1.719482
2994	-33.7603	-49.54676	15.78645	0.7001277	4.376764	0.6939356	1.278547
3000	-32.87214	-47.57751	14.70537	0.4027087	15.32594	0.6939356	0.7348204
3006	-39.47408	-52.4531	12.97902	0.9147374	36.16826	0.4197801	0.871487
3012	-38.44712	-52.23752	13.7904	0.8984166	36.16826	0.1662774	0.4318423
3018	-30.32806	-47.58599	17.25793	1.2939	0.7270246	0.9083958	1.046157
3024	-28.13889	-45.2925	17.15361	0.7458025	0.5247755	1.959232	1.151839
3030	-33.09759	-46.45102	13.35343	0.1672577	1.8348	4.687349	2.560716
3036	-32.72514	-48.29785	15.57271	0.9095349	2.746892	0.9313935	1.539915
3042	-35.04791	-51.00905	15.96114	1.067629	2.947345	0.06963376	2.26944
3048	-30.04866	-45.38158	15.33292	0.3686515	12.54953	0.04439613	1.839047
3054	-29.13755	-44.21727	15.07972	0.4994773	12.54953	0.1841681	1.521498
3060	-31.88443	-48.96664	17.0822	0.3174005	7.41539	0.139322	0.735877
3066	-32.33242	-48.94211	16.60969	0.6164242	4.901635	0.4318254	0.793196
3072	-31.00572	-49.78749	18.78177	0.200096	0.7650685	0.2522518	1.515433
3078	-31.49454	-48.23428	16.73974	0.4354018	3.429361	0.2522518	1.607883
3084	-26.61919	-44.3952	17.77601	1.389366	1.768675	0.07539504	1.159914
3090	-39.51352	-54.30884	14.79532	0.9188686	7.592227	0.4119859	1.601098
3096	-31.45827	-46.36541	14.90714	1.486998	9.549495	0.4062426	0.5983716
3102	-34.18131	-50.59444	16.41313	0.1678139	2.608695	0.854926	1.575888
3108	-34.2194	-49.63051	15.41111	0.403868	2.608695	1.143563	1.909974
3114	-33.23322	-49.49362	16.2604	0.2023726	3.035365	0.648958	1.707394
3120	-32.07443	-48.0167	15.94227	0.1486022	1.088339	1.196493	2.345288
3126	-31.81163	-49.73785	17.92622	0.02710243	0.6989699	0.7795262	1.670669
3132	-40.16673	-56.05686	15.89013	0.9137306	2.236861	0.7160533	1.670669
3138	-37.43375	-54.79742	17.36366	0.5847028	1.089381	0.7160533	1.415235
3144	-30.09334	-47.49409	17.40075	1.221625	0.5810097	1.229169	0.8591433
3150	-27.53275	-44.72032	17.18757	1.054127	1.036698	1.169343	0.7068007
3156	-28.23147	-47.5172	19.28573	0.2886349	0.1963982	1.169343	0.7068007
3162	-30.23853	-49.7346	19.49607	0.1613054	0.1147771	0.1618125	2.144627
3168	-35.31455	-52.99671	17.68216	2.566374	0.3457592	0.1618125	1.250257
3174	-36.07498	-53.13277	17.05779	0.2537203	0.3403485	3.861573	1.218879
3180	-34.69221	-50.6052	15.91299	0.3543975	2.910769	0.7223587	1.813351
3186	-29.97722	-47.49742	17.5202	0.7571662	1.312125	0.9472919	0.5142703
3192	-31.75922	-46.90342	15.1442	0.1524552	3.260367	3.508382	1.089087
3198	-30.82973	-48.0954	17.26567	0.06963553	3.601636	0.6525139	0.7386083
3204	-32.15294	-49.11609	16.96315	0.7335047	1.366219	0.8774146	1.273943
3210	-30.60443	-47.59672	16.99228	1.076004	1.469435	0.8214379	0.9142939
3216	-37.5238	-52.35744	14.83364	1.753784	6.312188	0.6934012	0.4996171
3222	-26.3524	-45.37115	19.01874	1.491812	0.3701718	0.2003287	0.2741008
3228	-29.02764	-45.63572	16.60808	0.678913	1.361047	0.7585144	1.691741
3234	-36.51681	-50.0795	13.56269	2.609902	1.577036	2.156136	1.579448
3240	-38.91781	-52.15282	13.23501	1.854385	1.577036	7.27422	1.141439
3246	-40.73775	-56.2844	15.54664	1.451221	1.577036	2.11779	0.8915593
3252	-43.66024	-56.58054	12.9203	3.359145	1.577036	2.800975	1.248036
3258	-32.33656	-48.1713	15.83474	2.031912	0.5890295	2.47826	0.7891613
3264	-34.25663	-48.85913	14.60251	1.207293	2.452546	2.47826	1.334117
3270	-35.09622	-51.6073	16.51108	1.498114	0.4915182	1.896295	1.136388
3276	-31.99705	-48.62173	16.62468	1.221092	0.4892969	1.896295	1.279119
3282	-32.28607	-51.75099	19.46492	0.2188693	0.4892969	0.2448859	1.289428
3288	-34.27278	-50.79607	16.52329	0.9312706	0.9327715	0.7167565	1.881951
3294	-35.41334	-53.02858	17.61524	0.8095364	2.200834	0.387366	0.6740757
3300	-31.30964	-48.71351	17.40387	0.2982334	1.235221	0.4435547	1.798051
3306	-32.52573	-50.51882	17.99308	0.6575717	0.2127712	1.856355	1.122175
3312	-32.71934	-51.2606	18.54126	1.477418	0.5038524	0.2164961	1.042681
3318	-28.48655	-46.05396	17.56741	1.800074	0.462394	0.7238024	0.2770453
3324	-30.11261	-47.51449	17.40187	1.675987	1.283974	0.331951	0.2933193
3330	-29.10025	-47.33058	18.23033	1.566427	1.283974	0.0916861	0.7947419
3336	-29.20283	-45.79961	16.59678	2.23692	3.455599	0.04854836	0.2931775
3342	-33.87929	-47.63227	13.75298	2.23692	5.152723	1.570724	0.3435174
3348	-29.42768	-45.40593	15.97824	1.285849	1.978717	1.570724	0.6152525
3354	-28.80424	-47.94617	19.14193	0.3966708	0.3120699	0.4118802	1.384054
3360	-25.55026	-45.62416	20.0739	0.9335418	0.4506602	0.05547909	0.6964749
3366	-27.27048	-47.03599	19.76552	0.891238	0.5839817	0.03095573	1.008511
3372	-30.19728	-46.95386	16.75659	2.111778	3.673338	0.01707316	0.2910813
3378	-30.81394	-49.11824	18.3043	0.6624839	3.673338	0.01644981	0.617497
3384	-31.00823	-46.97482	15.96659	0.4853225	7.010003	0.01644981	2.010957
3390	-29.97551	-47.78266	17.80715	1.318572	2.8043	0.06670976	0.5578929
3396	-27.6704	-46.8428	19.1724	0.5829985	0.2660337	0.479244	1.198125
3402	-25.67187	-44.68046	19.00859	0.2798064	0.3469821	0.479244	1.425101
3408	-27.88611	-47.3229	19.43679	1.049169	0.3469821	0.2650161	0.6650893
3414	-34.03863	-52.2825	18.24387	2.277455	0.3469821	0.2039184	0.857968
3420	-29.00854	-46.7309	17.72236	0.4115373	0.5799043	0.7831592	1.656894
3426	-28.2792	-46.32355	18.04434	0.1546812	1.473169	0.5859533	1.087952
3432	-26.54471	-44.59168	18.04697	0.153393	1.893073	0.1616454	1.589629
3438	-29.86044	-49.33848	19.47803	1.071931	0.3243212	0.1086371	1.201483
3444	-28.05689	-48.37694	20.32005	0.4968025	0.3095104	0.1086371	0.9857264
3450	-30.52423	-50.60442	20.08018	1.064588	0.3095104	0.09770662	0.5762116
3456	-34.35061	-49.95362	15.60302	1.064588	8.388922	0.3139676	0.8073944
3462	-33.0675	-49.977	16.9095	1.130659	1.491266	0.400212	1.465798
3468	-27.18244	-45.7523	18.56986	0.4436403	0.5855722	0.1121071	1.977785
3474	-28.09948	-47.64361	19.54413	1.145688	0.4798541	0.02906317	1.139512
3480	-29.09704	-45.27281	16.17576	0.1637262	7.261405	0.05371775	1.955195
3486	-31.82661	-46.71441	14.8878	0.5874893	7.261405	0.1284069	2.30489
3492	-30.49485	-48.02993	17.53508	1.378434	2.19043	0.1568788	0.830793
3498	-28.37406	-47.47835	19.10429	1.384012	0.4773872	0.1905744	0.5310419
3504	-29.62685	-48.08195	18.45509	0.2920128	0.6610208	0.1905744	1.89967
3510	-34.72746	-50.30363	15.57617	0.6716325	2.451283	0.1905744	2.61412
3516	-30.51563	-48.9392	18.42357	1.421588	1.120077	0.02634053	1.203137
3522	-29.21392	-46.22019	17.00628	1.114671	0.9940928	0.02344239	2.494784
3528	-28.26083	-46.72465	18.46383	0.6128387	1.171546	0.137633	1.390573
3534	-35.74768	-52.10949	16.36181	1.818137	1.171546	0.9638555	0.8862378
3540	-31.29954	-48.64561	17.34607	1.096058	0.9433738	0.9638555	0.8350869
3546	-34.95664	-51.52497	16.56833	1.535778	3.304787	0.3122377	0.6106981
3552	-34.3694	-52.64563	18.27623	0.7928295	1.827525	0.06728897	1.243347
3558	-33.88791	-51.11495	17.22704	0.1203557	7.621282	0.06728897	1.088708
3564	-29.30528	-47.45572	18.15044	0.8172895	1.498138	0.1996179	1.088708
3570	-28.00647	-47.05255	19.04608	1.669155	0.2658786	0.2517476	0.3768082
3576	-28.61672	-45.99498	17.37826	1.357983	2.028218	0.2906621	0.662745
3582	-30.85552	-47.25472	16.3992	0.4420517	1.248153	0.8308917	2.00204
3588	-26.65892	-46.02839	19.36947	0.02397026	0.7783606	0.3119015	1.041826
3594	-33.49169	-49.89107	16.39938	0.02063115	1.29384	0.6700475	2.379718
3600	-34.71415	-50.51052	15.79637	0.04806024	0.9591989	0.6700475	2.924202
3606	-36.05563	-52.81303	16.7574	0.232404	0.9591989	1.953335	1.446662
3612	-33.06429	-51.31408	18.2498	0.9181867	0.4605405	0.8057886	0.9383529
3618	-32.6914	-50.06863	17.37722	0.4851443	0.3194399	2.115336	1.424101
3624	-25.46043	-43.52645	18.06602	0.4463396	0.3194399	2.115336	0.8279062
3630	-33.61372	-51.21645	17.60272	1.497083	0.6441134	0.7383997	0.7760926
3636	-27.63091	-44.73223	17.10132	0.8452455	0.9929084	0.8814344	1.336354
3642	-32.65983	-49.95289	17.29306	1.272575	1.008433	0.7652764	0.8738392
3648	-29.34511	-45.92851	16.5834	0.7759646	3.193175	0.3249026	1.409195
3654	-34.74943	-51.12936	16.37992	0.4934045	0.7865383	0.3249026	2.771635
3660	-28.27679	-45.04755	16.77076	0.7322649	1.12988	0.3249026	2.151771
3666	-28.92309	-46.17632	17.25324	0.1326916	1.045684	1.962898	1.035274
3672	-36.69635	-50.93056	14.23421	0.1838002	2.256967	1.66605	2.659043
3678	-34.49756	-52.04626	17.5487	0.8266714	1.582426	0.4475329	1.058881
3684	-36.57033	-52.09506	15.52473	0.9511343	0.2420923	3.13714	2.181105
3690	-30.58133	-48.30301	17.72168	1.105323	0.5083801	1.172399	0.8065694
3696	-27.07489	-45.43616	18.36127	0.2785641	0.5083801	1.172399	1.015157
3702	-31.26241	-50.68195	19.41954	0.0210008	0.2783021	0.1306796	2.028279
3708	-33.45481	-51.49951	18.0447	1.002188	0.7339137	0.3769636	1.273434
3714	-29.3603	-46.12004	16.75973	0.8073934	0.7026411	2.350161	1.022227
3720	-28.76055	-48.21017	19.44962	1.446218	0.5009995	0.06612939	0.3800229
3726	-41.1179	-56.67851	15.56061	3.017305	0.17924	3.061539	0.4761221
3732	-38.2174	-50.69462	12.47722	2.917757	0.4112189	17.52204	0.5794195
3738	-28.95341	-46.40002	17.4466	1.572315	0.8203546	0.707838	0.4336376
3744	-29.4076	-46.71297	17.30536	1.932094	0.8203546	0.4854079	0.2947447
3750	-31.21561	-50.88778	19.67217	1.507974	0.05615177	0.309057	0.8504145
3756	-28.02307	-47.51834	19.49527	0.756286	0.400918	0.06178585	1.482463
3762	-32.48894	-49.32316	16.83422	0.9205588	0.1583651	1.30552	2.183506
3768	-33.08339	-52.48527	19.40188	1.892982	0.119403	0.1638424	0.8513907
3774	-27.31769	-44.61681	17.29912	0.1720493	0.6519958	1.65608	1.500669
3780	-32.79494	-47.30351	14.50857	0.2698672	3.937192	4.521256	1.020772
3786	-33.59441	-49.0451	15.45068	1.391583	0.6232161	1.566879	2.012988
3792	-33.55419	-47.18461	13.63042	0.3048185	1.438929	3.509471	2.714155
3798	-37.12425	-50.06384	12.9396	3.143187	0.6797036	6.779143	1.105758
3804	-33.68694	-46.999	13.31206	1.892748	0.8736859	6.286541	1.696952
3810	-39.05822	-48.61239	9.554175	3.116649	0.8736859	25.597	1.862621
3816	-37.50024	-47.90185	10.40161	2.243359	1.949412	21.63924	1.484353
3822	-39.01244	-54.10939	15.09696	2.563828	0.4909476	1.468583	1.638066
3828	-37.72837	-53.45347	15.72511	1.787225	0.4909476	2.770915	1.171581
3834	-28.80475	-45.41336	16.60861	1.172281	0.5603185	2.247367	1.060919
3840	-31.30924	-48.58337	17.27413	0.8186468	1.285345	0.8347767	1.022592
3846	-31.50685	-47.87864	16.3718	0.05659111	1.698473	0.8347767	2.049449
3852	-26.66088	-45.93297	19.27208	1.178358	0.3815274	0.06426508	1.348588
3858	-29.23751	-47.5718	18.33428	0.932849	0.6504014	0.2827945	1.351304
3864	-32.9099	-52.36647	19.45657	0.5103491	0.3158412	0.3338213	1.153545
3870	-26.85065	-46.92063	20.06998	0.9015049	0.1249629	0.2551502	0.8919947
3876	-29.89676	-49.98642	20.08966	0.4151715	0.2114984	0.07679787	1.56946
3882	-29.07043	-48.21427	19.14384	0.2852378	1.257622	0.07679787	1.249535
3888	-32.16199	-52.16702	20.00503	0.2001329	0.4380807	0.2392058	0.9026362
3894	-31.42149	-48.88476	17.46326	0.5372572	2.037604	0.2392058	1.501884
3900	-30.53579	-48.92645	18.39066	0.83291	1.388925	0.2392058	0.7780751
3906	-30.40829	-49.36208	18.95379	0.6574451	0.5760903	0.1791846	1.389508
3912	-27.23979	-47.16269	19.9229	0.1835177	0.2672822	0.2098452	1.389508
3918	-29.80595	-50.71337	20.90742	0.0781686	0.07224196	0.2475204	1.122638
3924	-28.13076	-47.96847	19.8377	0.7930162	0.1013333	0.2475204	1.313305
3930	-36.62011	-53.2869	16.66679	1.311344	0.2696017	0.2426352	2.74572
3936	-31.39391	-50.03471	18.6408	1.047452	0.2696017	0.2426352	1.629899
3942	-29.20909	-46.72202	17.51293	0.9804092	1.703071	0.1962129	1.376793
3948	-28.57596	-47.40297	18.82702	0.6145271	0.5083855	0.1962129	1.558149
3954	-34.86007	-50.10075	15.24068	0.3950043	6.016393	0.1962129	2.232799
3960	-33.88623	-49.27043	15.3842	0.3545923	6.016393	0.2266183	2.108635
3966	-38.36812	-51.47251	13.10439	0.5819064	1.674543	1.001571	3.624554
3972	-35.02275	-50.68898	15.66623	1.486268	2.773677	1.044321	0.8366392
3978	-36.17849	-49.00024	12.82175	1.829459	4.237731	5.813962	0.4740488
3984	-36.38102	-50.64828	14.26726	1.351288	2.637324	4.277476	0.7300454
3990	-28.47483	-44.71558	16.24076	1.554581	0.8887914	1.592903	1.025845
3996	-28.99138	-46.7887	17.79732	0.969125	0.5957594	0.2955769	1.756084
4002	-34.08247	-51.38706	17.30459	1.284489	0.5957594	0.9155962	1.16784
4008	-33.0177	-50.16219	17.14449	0.954456	0.3619189	0.9155962	1.842233
4014	-34.9815	-50.78793	15.80643	1.239488	1.898075	1.715907	0.8749946
4020	-27.89887	-43.78631	15.88744	0.2338695	1.302354	1.715907	1.946804
4026	-32.86587	-49.32491	16.45904	0.4432181	2.086912	1.715907	0.9119063
4032	-31.09201	-48.42688	17.33488	1.297094	2.086912	0.3386299	0.5559418
4038	-37.75909	-53.06205	15.30295	0.2005751	4.702264	0.5278474	2.084713
4044	-37.98615	-52.82954	14.84339	0.3915126	2.589203	1.615064	2.05553
4050	-30.91799	-46.68337	15.76538	0.1854259	1.26472	0.8153394	2.575154
4056	-30.03992	-46.37815	16.33823	0.593996	3.508823	0.8153394	1.012399
4062	-28.30342	-46.13634	17.83291	0.2831901	0.2989546	1.348505	1.648368
4068	-29.05826	-45.64828	16.59002	0.007584452	1.55118	1.521074	1.575109
4074	-27.88619	-45.47977	17.59358	0.001999695	0.3318095	2.65928	1.394032
4080	-26.37673	-44.59507	18.21833	0.007347784	0.4176783	1.706903	1.1671
4086	-27.18176	-44.06326	16.88151	0.6304128	1.382308	0.6270562	1.642457
4092	-33.89706	-53.31074	19.41368	0.2326428	0.4125629	0.1493106	1.642457
4098	-28.18805	-48.30853	20.12048	0.4292135	0.4125629	0.1249783	0.9743779
4104	-28.94046	-47.77006	18.82959	1.366239	0.4210276	0.1249783	1.279644
4110	-28.84446	-46.45004	17.60558	1.01591	1.36187	0.01628845	1.964672
4116	-29.62739	-49.01777	19.39038	2.185129	0.1739356	0.05574322	0.8146739
4122	-37.1284	-55.14115	18.01275	1.818651	1.013938	0.1658758	0.3547758
4128	-30.18758	-49.20997	19.02239	1.409106	0.3044839	0.2101731	1.034024
4134	-28.67976	-45.75107	17.07131	0.7558158	1.077786	0.2194572	2.143372
4140	-32.92643	-50.71264	17.78621	0.7439677	2.019534	0.02457701	1.716281
4146	-31.66465	-49.44868	17.78403	0.3168513	2.019534	0.01504064	2.013851
4152	-28.28961	-47.95314	19.66353	0.3749205	0.3172275	0.1919538	1.391719
4158	-32.27995	-48.1968	15.91685	0.7241714	1.109404	0.3224087	2.710329
4164	-30.44254	-47.87236	17.42982	0.9645145	1.526561	0.4937073	1.00183
4170	-37.54801	-52.75796	15.20995	0.9778283	0.6701866	2.82322	1.940381
4176	-40.35432	-57.39617	17.04185	1.129693	1.496287	0.9033332	0.575628
4182	-27.80895	-45.94242	18.13348	0.208007	1.496287	0.3057542	1.383739
4188	-32.90681	-49.03627	16.12946	0.6247621	2.661096	0.879706	1.406132
4194	-40.06258	-54.42483	14.36226	0.7279468	2.661096	0.8075134	2.583223
4200	-34.34763	-50.63617	16.28854	1.965864	2.661096	0.1140985	1.371288
4206	-40.55565	-57.22319	16.66754	1.311091	4.649224	0.05003663	1.236939
4212	-35.58839	-50.72514	15.13675	1.447268	6.818923	0.05003663	1.865436
4218	-32.61778	-45.78164	13.16386	0.3905556	28.26859	0.05003663	2.308035
4224	-26.04707	-43.97376	17.92669	0.9352086	1.862041	0.2136057	0.9073189
4230	-25.91366	-45.08887	19.17522	0.06082676	0.2437503	0.1324251	2.215359
4236	-29.06162	-45.31539	16.25377	0.7639469	1.077895	0.1214196	2.852836
4242	-31.68122	-49.92557	18.24435	2.443849	0.4104307	0.1411836	0.738047
4248	-31.7954	-49.90723	18.11184	0.675538	0.6449002	0.3171327	1.656872
4254	-30.27809	-48.53271	18.25462	1.707935	0.9441432	0.09949765	0.9320819
4260	-27.7614	-46.111	18.3496	1.190129	0.4696562	0.5907153	0.8148023
4266	-34.34731	-49.31346	14.96615	2.371341	3.03117	0.9026909	0.4482214
4272	-35.65393	-52.65055	16.99662	0.7159697	5.055234	0.1731105	0.9008397
4278	-29.58553	-47.53023	17.94471	1.781965	1.65753	0.0490458	0.7860179
4284	-35.1687	-52.45353	17.28483	2.894517	0.3376675	0.1342641	0.1053751
4290	-34.45241	-54.42063	19.96822	0.416946	0.2532969	0.3176896	0.9300864
4296	-31.74125	-49.93137	18.19013	0.1151093	1.175458	0.3176896	1.585549
4302	-25.81088	-44.33501	18.52412	0.004732215	0.9347783	0.5632524	1.243331
4308	-28.8284	-44.75087	15.92247	0.03918608	0.9347783	5.264814	1.26696
4314	-25.2636	-42.94156	17.67797	0.569538	0.6317692	1.305498	1.102944
4320	-29.04408	-46.0296	16.98552	0.0709027	2.708725	1.305498	0.6797291
4326	-27.74313	-45.86449	18.12137	0.3918007	0.6533908	0.6631417	1.41081
4332	-32.12738	-50.28744	18.16006	0.607567	0.6529815	0.5274456	1.367835
4338	-29.96985	-47.75022	17.78038	0.8819224	0.6529815	0.5274456	1.449487
4344	-30.76378	-48.13815	17.37437	0.5675152	1.78975	0.1568014	1.829786
4350	-32.10028	-48.40119	16.30091	0.6498715	1.78975	2.149889	0.7446694
4356	-30.25385	-48.89304	18.63919	0.3817016	0.6362415	0.5690047	1.121071
4362	-29.57462	-46.11583	16.5412	0.824534	1.799186	0.5456605	1.622989
4368	-29.90624	-45.84306	15.93682	1.390104	1.167026	2.278726	0.775486
4374	-35.95579	-51.48561	15.52983	1.390104	1.858653	1.969277	0.8651214
4380	-27.88455	-45.4407	17.55615	0.343673	0.5466142	1.969277	1.115341
4386	-31.77826	-49.5006	17.72234	0.2658414	0.9165447	0.4357349	1.819527
4392	-29.97398	-48.13386	18.15989	0.1251088	0.9165447	0.4357349	1.609927
4398	-31.69985	-48.39554	16.69569	0.1556329	0.5504283	2.792437	1.607595
4404	-34.1604	-50.16824	16.00784	0.5483467	3.569791	1.389273	0.8019499
4410	-37.06447	-48.73578	11.67131	2.217928	2.871513	13.26432	0.4750116
4416	-32.02858	-48.46254	16.43396	0.7713632	0.8525711	1.81187	1.436264
4422	-24.71249	-42.21532	17.50282	0.2875711	0.6770661	1.928151	1.066053
4428	-28.57856	-45.61995	17.04139	0.9579117	0.1940305	4.031157	0.853456
4434	-30.94729	-47.77522	16.82793	1.355177	0.1874014	2.906706	0.1655536
4440	-30.23194	-45.48552	15.25358	1.00898	0.8443747	5.050627	1.144177
4446	-28.81729	-45.33503	16.51774	1.570788	1.04695	1.421839	0.5380061
4452	-37.08543	-52.92036	15.83493	0.7562048	1.04695	1.881327	1.706691
4458	-46.38556	-62.18696	15.8014	1.607575	2.940094	0.3050737	1.486241
4464	-38.31555	-54.31309	15.99754	0.7794414	0.855118	2.379834	1.51418
4470	-47.00193	-57.01157	10.00963	2.11311	1.19535	12.43336	2.804892
4476	-40.80872	-57.63907	16.83036	0.8472648	1.19535	0.2988483	2.037603
4482	-37.60053	-51.3642	13.76367	1.434414	1.105388	6.712226	1.459891
4488	-35.36223	-51.61615	16.25391	0.7616896	1.494534	1.763827	1.143286
4494	-31.57734	-49.02297	17.44563	0.939005	1.494534	0.6639805	0.7381621
4500	-31.47745	-48.58809	17.11064	0.1969521	1.102111	1.162706	1.532733
4506	-34.13337	-49.60906	15.47569	1.090131	0.7661847	3.147752	1.488023
4512	-41.48757	-57.54032	16.05275	1.184011	1.066831	2.171705	1.04438
4518	-39.35424	-56.74832	17.39407	0.6755263	1.066831	1.0403	1.023224
4524	-45.71921	-60.0396	14.3204	0.6755263	0.6537366	1.0403	3.39333
4530	-42.82211	-54.00131	11.17919	4.551736	1.807661	3.384229	0.1101346
4536	-34.98426	-49.24772	14.26346	3.377014	1.142054	0.9949294	0.109957
4542	-28.52083	-46.90467	18.38384	0.5776979	0.3268012	1.590691	0.5893027
4548	-30.71919	-45.06833	14.34913	0.1788832	5.394571	2.639957	1.459547
4554	-33.65846	-49.38803	15.72957	0.7239433	2.227688	2.639957	0.730104
4560	-28.75882	-46.84838	18.08956	1.170908	0.8072333	0.3876206	0.9812306
4566	-28.9385	-47.82139	18.8829	0.3400147	1.207816	0.2087465	1.040857
4572	-31.34772	-48.45182	17.1041	0.7644876	1.207816	1.440868	0.6956823
4578	-35.50716	-52.94174	17.43458	1.032269	2.074219	0.2523618	1.072443
4584	-32.23371	-50.22129	17.98758	0.9763069	1.06332	0.203042	1.38856
4590	-33.33609	-49.70818	16.37209	0.1369165	0.4646405	0.1192568	3.614063
4596	-28.94883	-49.03382	20.08499	0.6352972	0.4719186	0.1192568	0.6235343
4602	-26.63264	-46.29673	19.66409	0.9641086	0.1898972	0.1192568	1.387379
4608	-30.05308	-50.99602	20.94295	0.3325775	0.04913421	0.1192568	1.319705
4614	-31.38442	-52.05816	20.67373	0.7930746	0.1052141	0.08370643	1.058857
4620	-30.5726	-50.53447	19.96186	0.4627268	0.1052141	0.1902453	1.582939
4626	-30.76091	-50.02647	19.26556	0.4046993	0.5196178	0.2593459	1.228118
4632	-31.57314	-49.9575	18.38435	0.7382564	0.312802	0.2314555	1.971653
4638	-28.96735	-47.70366	18.73631	1.392478	0.6405333	0.1960403	0.3131109
4644	-32.00675	-52.83402	20.82727	0.4211161	0.08637102	0.1075842	1.233478
4650	-30.65205	-50.01803	19.36598	1.157338	0.3696187	0.2318686	0.6704456
4656	-32.98688	-50.01915	17.03227	1.103106	4.199957	0.1763295	0.6462773
4662	-32.39407	-49.33712	16.94305	0.7771033	4.199957	0.04047198	1.583072
4668	-29.98519	-48.22295	18.23776	1.340435	1.660126	0.0592623	0.239385
4674	-34.29643	-49.02267	14.72625	2.117666	7.567992	0.1761986	0.1542901
4680	-42.07085	-55.74703	13.67618	2.585313	7.567992	0.3354635	0.1226584
4686	-38.88626	-53.99288	15.10662	2.958644	2.4561	0.2178515	0.1189617
4692	-34.22657	-48.34751	14.12094	2.059445	0.6995849	6.059129	1.142397
4698	-34.54296	-49.70811	15.16515	1.774264	1.755652	2.240177	0.7196463
4704	-30.92982	-47.98592	17.0561	0.207338	0.603086	2.240177	1.443881
4710	-35.02765	-52.23723	17.20957	0.7561595	1.086435	0.6661561	1.454331
4716	-37.34755	-52.0477	14.70016	1.304117	1.086435	6.967902	0.454429
4722	-33.51838	-49.94321	16.42484	0.8668028	1.086435	2.718356	0.454429
4728	-31.44065	-49.30577	17.86512	0.6472412	1.086435	0.4553802	1.278378
4734	-29.50867	-48.16117	18.6525	0.3158864	0.9283968	0.6248074	0.6804283
4740	-30.58264	-46.31147	15.72883	0.4626679	6.192777	0.6362878	1.179659
4746	-36.0483	-51.76936	15.72106	0.2870631	6.192777	1.064089	0.8805499
4752	-31.75647	-49.83432	18.07785	1.350549	1.099391	0.1645249	1.069034
4758	-30.03568	-47.39576	17.36008	1.177247	1.516992	0.5184465	0.8027586
4764	-31.92112	-47.91507	15.99395	1.426367	3.769431	0.5184465	0.8138144
4770	-37.09764	-50.91044	13.8128	1.19979	9.925686	1.523766	0.312225
4776	-37.56953	-51.48244	13.91291	2.830582	1.126978	2.728322	0.1486246
4782	-35.38784	-50.37334	14.9855	2.830582	0.2102299	4.127219	0.214423
4788	-30.87915	-48.40027	17.52112	2.00701	0.2102299	1.251966	0.4756377
4794	-26.96502	-44.72969	17.76468	1.177458	1.024948	0.2276604	1.37951
4800	-24.46581	-42.65203	18.18621	0.1452528	1.024948	0.3502356	1.616967
4806	-28.20535	-46.3432	18.13785	0.1191871	0.8793346	0.3502356	1.776987
4812	-31.26296	-49.38211	18.11915	0.2492886	0.7228371	0.7476509	1.366871
4818	-27.89847	-43.90975	16.01128	1.163394	1.303443	2.262989	0.8339581
4824	-29.49728	-47.44589	17.9486	0.3413829	0.4535151	1.497745	1.181516
4830	-28.14139	-45.85731	17.71592	1.530905	1.694886	0.1905082	0.5742452
4836	-26.80883	-45.67853	18.8697	0.1988819	0.6649744	0.3713175	1.337853
4842	-28.38662	-47.24968	18.86306	0.1618184	2.1693	0.1395601	0.7797441
4848	-27.8258	-44.87762	17.05183	0.5289266	1.02944	0.1878834	2.391227
4854	-27.24693	-45.43991	18.19298	0.6045051	0.463557	1.44449	0.5999127
4860	-29.36269	-47.53821	18.17552	1.062742	0.2192349	1.410994	0.809517
4866	-29.88728	-48.1957	18.30842	0.2501145	0.2574663	1.410994	1.35571
4872	-29.36901	-48.54435	19.17534	0.9979683	0.2044096	0.2641019	1.35571
4878	-34.10125	-49.79074	15.68949	0.5947773	0.5288748	0.6023484	3.043999
4884	-29.48905	-44.81822	15.32916	0.2111244	1.167308	0.6023484	3.043999
4890	-27.37342	-45.86407	18.49065	0.6586155	0.2893389	0.9692992	1.120937
4896	-27.2269	-45.2201	17.9932	0.4105204	1.517379	0.2880872	1.355212
4902	-25.67741	-46.59127	20.91386	0.5597039	0.1927484	0.07127623	0.7697651
4908	-31.82122	-50.3127	18.49148	1.525796	0.3818618	0.3213948	1.001611
4914	-31.16036	-50.36866	19.2083	1.102487	0.654549	0.1542016	0.390745
4920	-42.63831	-55.77494	13.13662	2.478482	5.596544	2.069485	0.4595407
4926	-41.67379	-55.69046	14.01667	2.207543	2.054067	3.58636	0.5917828
4932	-43.86102	-58.99823	15.13722	2.28811	0.5511943	3.457948	0.8835557
4938	-36.21422	-52.59133	16.37711	1.975893	1.841263	0.44667	0.2374409
4944	-33.38843	-50.13203	16.7436	1.975893	1.551218	0.4734396	0.5060226
4950	-29.62797	-46.56018	16.9322	0.5311175	1.997305	1.255268	0.6866961
4956	-30.40412	-44.02113	13.61702	1.250371	1.729762	6.82634	1.320614
4962	-29.52943	-44.45162	14.92219	1.126451	1.340078	3.456479	1.360698
4968	-30.34277	-45.20073	14.85796	1.840961	1.340078	3.456479	0.335516
4974	-32.2297	-48.71242	16.48272	1.044025	5.312385	0.2343125	0.2753071
4980	-33.97361	-50.62502	16.65141	1.164225	2.562867	0.3487553	1.22344
4986	-30.92088	-46.31318	15.3923	0.2620289	2.116895	2.522577	1.571617
4992	-40.11716	-52.93211	12.81495	2.109575	2.007886	7.378885	1.017573
4998	-41.58651	-56.22839	14.64188	0.325715	1.41034	5.868161	1.586049
5004	-32.45178	-47.18652	14.73473	1.303086	0.4771632	7.114833	1.340695
5010	-41.18782	-53.59981	12.41199	1.63984	0.4771632	6.349764	2.782799
5016	-36.48967	-53.20598	16.71631	0.3703436	1.005603	1.391186	1.623183
5022	-41.29345	-55.84926	14.55582	1.745582	7.635788	0.6957176	0.4857486
5028	-32.81582	-47.83745	15.02163	1.220282	7.635788	0.6308396	0.8230841
5034	-33.5863	-50.95248	17.36617	0.7034402	1.068427	0.6308396	1.425005
5040	-37.60188	-53.37588	15.77401	0.8728614	1.143118	0.9066246	2.135283
5046	-31.20823	-46.61808	15.40985	0.8728614	4.885545	0.3139157	1.795217
5052	-27.73027	-44.9744	17.24413	0.8490947	1.662924	0.3462205	1.415812
5058	-28.32605	-46.9917	18.66565	0.4235434	0.338855	0.3462205	1.766955
5064	-24.25463	-43.92525	19.67062	0.4124921	0.3183581	0.392158	0.9187847
5070	-29.1157	-45.33319	16.21749	0.1727888	2.144297	2.547862	0.9245977
5076	-27.02864	-45.03639	18.00775	0.6242479	0.4592043	1.008272	1.236161
5082	-25.30534	-43.64728	18.34195	0.2900514	0.4592043	1.008272	1.236161
5088	-29.06978	-45.51638	16.4466	0.2547838	2.937847	0.8051323	1.416375
5094	-29.8009	-47.09176	17.29086	1.864978	1.285038	0.3152377	0.3274121
5100	-30.70993	-47.91228	17.20235	0.05193011	1.285038	0.5137873	1.992487
5106	-35.15309	-51.01088	15.85779	0.05864506	1.714401	0.571107	2.589251
5112	-30.70565	-47.23962	16.53397	0.2858765	0.7312937	0.7580534	2.413721
5118	-32.8095	-48.40146	15.59196	0.5045425	0.7312937	1.829567	2.290681
5124	-29.85488	-47.66036	17.80548	0.3081985	0.31291	0.8841711	1.927412
5130	-28.15042	-44.00644	15.85602	0.1680758	1.367571	3.494823	1.351377
5136	-30.31448	-45.57055	15.25606	1.349064	2.197432	1.999344	0.9749743
5142	-28.81535	-44.536	15.72065	1.161517	2.197432	1.999344	0.5522527
5148	-32.521	-47.36351	14.84251	1.70619	2.197432	2.141991	0.2215234
5154	-33.52813	-48.57377	15.04565	1.492934	1.644129	3.34613	0.3606329
5160	-37.02176	-50.91965	13.89788	1.452928	5.591927	2.164549	0.2392476
5166	-32.83718	-47.15533	14.31815	0.8064579	7.530014	1.834806	0.8848337
5172	-28.30812	-44.92533	16.61721	0.6503783	1.748511	1.052636	1.253454
5178	-33.65348	-46.73978	13.0863	0.7121097	2.330133	5.260266	2.100952
5184	-30.86987	-46.69333	15.82346	0.4056325	2.330133	0.457976	2.281551
5190	-27.20056	-45.82158	18.62102	0.181733	0.5782079	0.457976	1.511778
5196	-29.70107	-47.32308	17.62201	0.4661882	0.8966336	1.310292	0.9359071
5202	-30.54518	-46.55432	16.00913	0.2460857	1.314124	2.967864	1.369474
5208	-31.29043	-48.1901	16.89967	1.202243	2.708791	0.3346195	0.9167397
5214	-29.39897	-49.42075	20.02178	0.656592	0.08002351	0.07045446	1.806059
5220	-29.04858	-50.82306	21.77448	0.2358964	0.02399902	0.07571525	0.9236571
5226	-27.35983	-49.03097	21.67115	0.2503922	0.06415102	0.0554411	0.9236571
5232	-31.25386	-50.5374	19.28354	1.774672	0.1865003	0.01833162	1.402388
5238	-33.61596	-52.10808	18.49212	1.421117	0.8299346	0.01912307	1.402388
5244	-31.24291	-49.032	17.78909	0.7277178	0.1664129	0.01067355	3.080583
5250	-32.32344	-52.50456	20.18112	1.143497	0.1546889	0.008109405	1.203146
5256	-31.25791	-51.80765	20.54975	1.666414	0.06237362	0.008109405	0.6010532
5262	-31.56885	-49.69819	18.12934	2.200702	1.179803	0.01895699	0.5563188
5268	-28.48365	-47.94356	19.45991	1.224482	0.3314728	0.1942398	0.3302332
5274	-28.25813	-46.64259	18.38447	0.7810113	1.494931	0.2685643	0.5939643
5280	-33.64777	-48.85825	15.21047	0.6730276	5.518348	1.672483	0.4757672
5286	-26.50033	-44.21798	17.71766	0.6870169	3.853699	0.1135252	0.7692232
5292	-30.35747	-46.94607	16.58859	0.1990291	5.79777	0.370645	1.128581
5298	-30.50439	-47.20637	16.70198	0.06803106	2.81771	0.2092961	2.138024
5304	-30.40469	-46.76356	16.35887	0.3930426	2.718458	0.4445491	1.825783
5310	-28.5621	-46.46891	17.90681	0.2266101	1.481607	0.4446445	1.334554
5316	-32.0282	-49.78437	17.75618	1.045339	0.4006674	0.418121	1.780071
5322	-34.53745	-52.71562	18.17818	1.470894	0.6423044	0.418121	0.6769797
5328	-37.81656	-50.3542	12.53765	1.091546	4.16897	0.135959	3.86846
5334	-38.10265	-52.79349	14.69084	0.3548544	0.8431555	0.2823177	3.86846
5340	-32.24316	-49.43119	17.18803	0.1540133	0.8431555	0.4298302	2.307081
5346	-36.46904	-53.52859	17.05955	0.6078953	1.068801	0.4273523	1.944014
5352	-32.41504	-52.52041	20.10537	0.7701476	0.2464299	0.1991368	0.7161485
5358	-40.18868	-60.08337	19.89469	0.673509	0.5789777	0.08121922	0.8489827
5364	-38.12338	-54.87956	16.75618	1.017797	1.135772	0.8629518	1.381141
5370	-34.20374	-50.53564	16.3319	1.028312	1.135772	0.8629518	1.688483
5376	-33.32596	-51.08136	17.7554	1.681263	0.6620177	0.5154484	0.3383702
5382	-34.40894	-51.6232	17.21427	1.681263	1.931011	0.2008674	0.863034
5388	-34.40271	-51.4621	17.05939	0.7682058	0.6332844	0.3284717	2.295169
5394	-37.21982	-55.53996	18.32014	1.126094	0.4016817	0.3284717	1.442215
5400	-41.68504	-54.34373	12.6587	1.391866	1.383458	3.780278	2.608884
5406	-30.35752	-45.46318	15.10566	1.08317	1.383458	2.775357	1.443857
5412	-32.4538	-48.24567	15.79187	0.2031608	3.800162	1.314667	1.319868
5418	-30.78538	-48.5024	17.71702	1.326236	2.065737	0.1852602	0.5226927
5424	-34.57777	-53.45834	18.88057	1.220028	0.6014181	0.2532503	0.4110066
5430	-35.83981	-52.0572	16.2174	2.197341	0.5225807	1.866546	0.5873103
5436	-29.58575	-46.42032	16.83457	1.064569	0.5225807	1.866546	1.204057
5442	-40.69168	-54.96604	14.27437	1.390256	2.867261	1.511329	1.726584
5448	-37.23093	-51.94017	14.70924	3.785894	0.7115316	1.373384	0.4484124
5454	-36.79643	-50.2571	13.46067	2.567266	2.174386	1.373384	0.05640276
5460	-32.32023	-48.80295	16.48273	2.283723	1.689613	0.1826952	0.1469872
5466	-33.80437	-49.72967	15.9253	1.59148	1.802506	1.219953	0.8282021
5472	-36.50432	-47.69401	11.18969	2.547763	4.035173	9.93609	0.855424
5478	-32.95993	-50.86887	17.90894	1.730622	0.4560288	0.6317866	0.5581365
5484	-29.82467	-45.53523	15.71055	0.6573961	0.7420584	2.779186	1.766849
5490	-38.76577	-55.6389	16.87313	0.8572102	0.2033839	0.9234135	2.3351
5496	-33.9648	-51.1064	17.1416	0.5792173	0.9967108	0.8738961	1.513819
5502	-31.665	-49.85263	18.18762	0.5792173	0.6514102	0.8738961	0.9688445
5508	-33.89997	-47.52056	13.62059	2.470942	1.125457	6.354358	0.4137726
5514	-34.4819	-49.03699	14.55509	2.362288	1.125457	3.32357	0.3200794
5520	-36.75229	-49.47625	12.72396	3.009763	1.539238	6.430872	0.4012565
5526	-34.47454	-46.97178	12.49724	1.126072	1.262123	6.430872	2.4733
5532	-34.80691	-48.0328	13.22588	1.847259	0.7390891	6.430872	1.87521
5538	-34.77656	-50.27373	15.49717	0.9406004	0.7390891	6.430872	0.700686
5544	-35.38638	-48.71279	13.32641	2.939007	0.9349011	6.430872	0.4261582
5550	-41.00289	-50.78318	9.780296	2.580501	1.012841	31.6945	1.704106
5556	-38.44366	-53.14797	14.70432	2.331046	0.91157	3.559719	0.7428616
5562	-37.6309	-51.61865	13.98775	2.331046	0.91157	6.236901	0.3903556
5568	-43.21599	-56.31676	13.10077	2.331046	0.91157	6.236901	1.510373
5574	-48.16922	-62.36801	14.19879	2.640177	0.4865716	6.236901	0.714592
5580	-42.58054	-58.67272	16.09218	3.226797	0.4865716	0.8412663	0.5759934
5586	-36.35402	-53.15492	16.8009	1.124395	0.5153378	1.9343	1.15558
5592	-31.26714	-48.44696	17.17982	1.738936	0.4222004	1.404535	0.5259766
5598	-36.43271	-51.46056	15.02785	1.576421	3.463304	1.503132	0.6489831
5604	-39.61444	-53.57286	13.95842	0.8710984	3.463304	1.503132	2.130777
5610	-30.38193	-46.95332	16.5714	0.7815263	3.783935	0.3535051	1.182741
5616	-30.16555	-47.61092	17.44537	0.9687738	1.244813	0.4965748	1.182741
5622	-25.44664	-42.82712	17.38048	0.9509262	0.4672441	1.731281	0.9680922
5628	-27.01035	-45.00985	17.9995	0.3169879	0.633383	1.731281	0.6384426
5634	-30.11675	-46.21829	16.10154	0.9859308	2.103266	1.170304	1.129834
5640	-32.76141	-44.98981	12.2284	1.833215	3.95198	7.329406	1.037582
5646	-37.61493	-50.03961	12.42468	1.117398	4.366868	8.042588	1.254499
5652	-30.15487	-46.29081	16.13595	1.017287	1.814849	0.9500547	1.393575
5658	-34.21136	-50.24464	16.03328	0.5366955	1.001842	1.793489	1.791102
5664	-31.38894	-47.31189	15.92295	0.6796515	2.573667	1.888721	0.8369938
5670	-26.9815	-43.94332	16.96182	0.1344136	2.573667	0.8373792	1.200513
5676	-29.69871	-46.09814	16.39943	0.3710939	1.734184	1.094279	1.613033
5682	-29.17902	-44.58138	15.40236	0.545854	1.933418	3.020756	1.250868
5688	-28.91076	-45.37993	16.46917	0.9795551	1.154576	1.254397	1.326044
5694	-31.23208	-46.33212	15.10004	0.8112864	1.016219	1.671243	2.272439
5700	-31.4255	-47.55947	16.13398	0.7245822	1.016219	1.671243	1.633872
5706	-32.12866	-47.7189	15.59023	1.462548	0.6513848	3.373399	1.141079
5712	-38.07072	-53.83544	15.76472	1.138334	0.6513848	4.6251	0.8661053
5718	-38.2335	-54.03269	15.79918	0.611688	1.986835	1.654077	1.433418
5724	-37.98332	-53.51057	15.52726	0.3981609	0.8739351	2.425064	2.075711
5730	-33.10984	-47.10671	13.99688	0.5607802	1.350856	3.444813	2.384623
5736	-38.87048	-53.50515	14.63467	0.5607802	0.8438466	3.444813	2.283083
5742	-28.15255	-45.92787	17.77532	0.01162583	2.35758	0.599321	0.938725
5748	-30.96876	-46.39063	15.42187	0.2197279	5.020917	1.184977	1.384772
5754	-27.49873	-44.92894	17.43021	0.658893	1.045059	0.2606804	1.916908
5760	-29.47239	-45.5074	16.03501	0.5850296	0.6714702	1.378699	2.207015
5766	-26.96962	-46.20962	19.24	0.7545004	0.2760029	0.6105518	0.6818687
5772	-30.08267	-46.27549	16.19282	0.08886558	2.158894	1.020672	1.827588
5778	-34.31222	-49.44823	15.13601	1.130176	2.158894	1.96865	1.312844
5784	-32.61767	-46.18002	13.56234	1.732878	1.43917	8.077897	0.8795679
5790	-32.53414	-49.86684	17.3327	0.6610258	0.8241481	1.075431	1.285316
5796	-33.7979	-50.38398	16.58608	0.8134075	0.8279146	1.064877	1.735396
5802	-41.6181	-57.58492	15.96682	0.764546	0.8279146	0.5431674	2.581606
5808	-35.53749	-51.22007	15.68258	1.037027	1.435814	1.66241	1.4738
5814	-39.87045	-55.70778	15.83733	2.201287	1.435814	1.038248	0.3575318
5820	-37.85185	-52.46919	14.61734	1.828974	0.8575235	3.556593	1.375679
5826	-34.7709	-52.86715	18.09625	0.9271734	0.9286573	0.5542574	0.7601093
5832	-30.27886	-47.93082	17.65196	0.7233499	0.6778525	0.5542574	1.606701
5838	-28.02677	-44.82558	16.79882	0.1375708	1.008249	0.7346613	2.159978
5844	-27.26748	-45.69744	18.42996	0.6074317	1.472386	0.1160351	1.292963
5850	-29.7605	-49.01853	19.25803	0.5913646	0.5232036	0.1297107	1.401101
5856	-32.63289	-51.84166	19.20877	1.132871	0.4427232	0.2635848	0.5576551
5862	-29.69292	-46.51262	16.8197	1.793249	1.7595	0.06855262	1.623468
5868	-29.24193	-47.05784	17.81592	0.9273836	0.7731426	0.06855262	2.118293
5874	-33.06111	-50.68212	17.62101	0.8935372	2.634498	0.2517118	0.6672242
5880	-32.90386	-48.99852	16.09466	0.9822805	6.978714	0.2639165	0.7912849
5886	-31.42333	-51.75188	20.32855	0.4181679	0.1268326	0.1275441	1.437747
5892	-31.05933	-51.62829	20.56896	0.4672659	0.2190148	0.1868657	0.6193748
5898	-31.86559	-50.68861	18.82302	0.8484253	0.2643871	0.9192459	0.6224607
5904	-33.08237	-49.48575	16.40338	1.999728	1.566948	0.2680321	0.1109595
5910	-35.86072	-52.13574	16.27502	2.218952	3.594665	0.04888745	0.1732615
5916	-34.39819	-51.29642	16.89823	1.774045	1.564884	0.1427432	1.44803
5922	-27.33578	-46.41794	19.08217	0.8855673	0.3056426	0.3952006	1.058942
5928	-25.91905	-44.62946	18.71041	0.367491	0.7349274	0.3837458	1.23535
5934	-36.49361	-50.12656	13.63294	1.165821	1.830423	0.7598304	3.067562
5940	-35.95157	-52.95145	16.99988	1.536825	1.682201	0.5096533	0.6361432
5946	-42.12503	-56.37976	14.25473	1.826517	1.682201	1.853819	1.720209
5952	-36.21843	-53.12459	16.90616	0.6063244	0.6455717	0.8851299	1.941381
5958	-35.88403	-53.07758	17.19356	0.4132871	0.6273824	0.5964987	2.136286
5964	-33.07097	-51.51335	18.44238	0.1495797	0.522355	0.4110274	1.786693
5970	-31.38608	-48.32953	16.94346	1.485935	2.368955	0.3572957	0.4137923
5976	-36.23777	-52.1972	15.95944	1.446866	5.176058	0.3572957	0.4224453
5982	-35.36802	-51.37507	16.00706	1.013553	3.696162	0.8221907	0.8314271
5988	-33.86638	-49.66654	15.80015	0.5124893	4.971848	0.8221907	1.141846
5994	-39.25838	-53.39147	14.13309	2.052951	3.178844	1.631074	1.157823
6000	-33.80101	-49.15491	15.3539	0.4372481	18.13552	0.2010933	0.6723389
6006	-32.33449	-47.83222	15.49772	0.2934229	18.13552	0.2010933	0.6723389
6012	-36.61389	-51.63384	15.01994	0.8196934	18.13552	0.2010933	0.5040327
6018	-36.29862	-52.53023	16.2316	0.9401297	5.662593	0.4044684	0.3940821
6024	-37.94434	-52.51981	14.57547	1.733205	2.21447	1.854018	1.31028
6030	-35.31414	-51.18125	15.86711	1.145451	7.936202	0.204975	0.8327793
6036	-36.71874	-51.83633	15.11758	1.649971	6.923042	0.3274744	0.2072938
6042	-27.86722	-47.0539	19.18667	0.2561373	0.7073239	0.3274744	1.046016
6048	-35.68558	-51.89202	16.20645	0.1896644	3.796107	0.3274744	1.93241
6054	-34.76812	-51.51374	16.74562	1.273936	1.542181	0.8764594	0.8364536
6060	-35.15809	-47.01374	11.85565	2.33324	0.6815112	17.42708	1.424449
6066	-39.9165	-50.78359	10.86708	1.733667	0.6815112	5.901546	3.526786
6072	-35.90605	-52.0148	16.10875	1.840335	0.6986517	2.259385	0.5090856
6078	-30.69211	-47.59442	16.90231	0.9213074	0.5609284	1.253289	1.562436
6084	-29.59343	-46.99651	17.40308	0.3935978	2.040047	0.2108824	1.706427
6090	-32.04351	-48.9099	16.86639	1.910718	2.040047	0.2108824	0.8916923
6096	-27.4671	-46.0458	18.5787	0.5892483	1.325463	0.2108824	0.9919784
6102	-27.58716	-47.08122	19.49405	1.259016	0.3617921	0.1733363	0.4398495
6108	-29.50211	-48.69154	19.18943	1.060581	0.3617921	0.2675626	0.9343551
6114	-33.70466	-49.31943	15.61478	0.7564102	10.3172	0.1413007	1.261229
6120	-27.70199	-43.59318	15.89119	0.3539494	14.88454	0.03062256	1.275819
6126	-32.65476	-47.70929	15.05453	0.2580275	14.88454	0.08668707	1.771783
6132	-30.49608	-50.42081	19.92473	1.294519	0.1768606	0.04189936	1.227823
6138	-36.91518	-54.4509	17.53572	1.320776	0.7430213	0.2522052	1.62741
6144	-33.31817	-49.73783	16.41966	1.320776	1.024095	1.812441	0.7605474
6150	-32.84336	-48.77002	15.92666	1.13385	0.373154	1.949028	1.981267
6156	-31.04782	-48.68936	17.64154	0.4942511	2.491712	0.430129	0.7677005
6162	-32.90291	-49.21566	16.31275	0.1164059	5.21782	0.430129	1.451421
6168	-35.74087	-51.91918	16.1783	0.2661192	4.467957	0.8655291	1.112474
6174	-36.60188	-51.17167	14.56979	1.189532	1.131342	2.584171	1.962851
6180	-34.23517	-50.80745	16.57228	0.8526169	1.455356	0.3211689	2.031876
6186	-30.065	-48.6332	18.5682	0.2343125	0.478002	0.5863307	1.476838
6192	-29.60851	-46.33708	16.72857	1.13503	1.039262	1.075347	1.204052
6198	-26.53302	-44.63802	18.10499	0.2745621	2.543592	0.2080032	1.037262
6204	-28.40985	-45.93256	17.52271	0.8346461	2.543592	0.2080032	1.058491
6210	-32.28751	-47.84322	15.55571	0.5307603	2.543592	0.8939441	1.914508
6216	-34.69298	-51.10733	16.41436	0.5012181	2.543592	1.4922	0.7952941
6222	-32.79636	-50.44789	17.65152	1.12028	2.543592	0.08868566	1.070317
6228	-28.43292	-44.8544	16.42148	1.423466	2.543592	0.6596984	0.5805682
6234	-26.83564	-46.79639	19.96075	1.423466	0.1400826	0.1623744	0.5660667
6240	-27.12531	-46.87017	19.74486	0.6811385	0.5332456	0.1665426	0.6734355
6246	-26.40608	-46.82893	20.42285	0.9825876	0.2080307	0.1002736	0.4956568
6252	-30.39552	-47.73105	17.33552	0.3248784	1.257345	0.1752298	2.234212
6258	-26.26359	-45.96505	19.70146	0.652079	0.2960639	0.3970485	0.4868489
6264	-32.48641	-47.94337	15.45696	1.406784	0.8921561	3.467632	1.009948
6270	-38.44112	-52.24039	13.79926	1.156614	0.4561421	8.439755	1.960917
6276	-28.10194	-45.48165	17.37971	1.062605	0.3431939	1.765002	1.071259
6282	-30.62065	-48.3433	17.72266	0.744312	0.6736719	1.482845	0.4957266
6288	-28.02332	-43.55854	15.53522	0.5319705	1.183671	3.255987	1.507053
6294	-28.29091	-46.28845	17.99753	0.304207	1.183671	0.4654702	1.36252
6300	-31.02739	-48.27166	17.24427	0.2797552	1.183671	1.560651	1.031453
6306	-36.78134	-52.14165	15.36031	0.3699764	10.01599	0.7883492	0.6496652
6312	-30.23652	-47.92675	17.69024	1.22385	0.9338565	0.6324454	0.7439622
6318	-33.02269	-49.60405	16.58137	0.5315188	1.622431	1.063868	1.435534
6324	-28.84544	-47.7429	18.89746	0.3549162	0.8523646	0.3009004	1.116558
6330	-34.48447	-53.30771	18.82324	1.074538	0.8523646	0.2125221	0.5833825
6336	-33.69954	-49.71323	16.0137	1.087096	0.7330871	2.918832	1.168294
6342	-36.24457	-51.58543	15.34087	1.165967	4.373459	0.504558	1.480815
6348	-30.29693	-48.82947	18.53255	0.3315444	1.67202	0.162932	1.175893
6354	-34.3423	-51.44086	17.09856	0.986239	3.061666	0.162932	1.219575
6360	-34.77744	-53.19563	18.41819	1.229333	0.88791	0.06127215	1.416896
6366	-36.02819	-52.54388	16.51569	0.9518701	1.155477	0.5600186	1.874797
6372	-45.15173	-58.65176	13.50004	0.9518701	1.155477	1.090568	3.361927
6378	-37.83397	-52.13994	14.30597	0.6976911	0.707558	2.59606	2.731139
6384	-46.03047	-59.33668	13.30621	2.859609	0.3956344	10.40712	0.8005836
6390	-48.15675	-59.86804	11.71129	2.859609	0.3956344	21.59165	1.180194
6396	-45.0346	-54.67416	9.639559	3.534897	1.167472	2.790767	3.476942
6402	-33.64257	-51.52571	17.88314	1.059191	1.167472	0.3401846	1.030318
6408	-32.86372	-49.53638	16.67266	1.188367	1.770116	0.8493406	0.8768631
6414	-31.66552	-49.04069	17.37516	1.720278	1.770116	0.2110995	0.3573143
6420	-29.79062	-48.30515	18.51453	0.479589	0.868548	0.2110995	1.500605
6426	-30.44191	-48.47594	18.03403	1.157432	1.556453	0.2110995	0.7574237
6432	-38.96914	-54.63356	15.66443	1.470815	1.742018	0.5632469	1.792966
6438	-30.4658	-47.54284	17.07704	1.498239	0.2635982	2.50525	0.5975491
6444	-28.01394	-45.30075	17.28681	1.063242	1.763298	0.4777658	0.9063084
6450	-36.07115	-50.84613	14.77498	0.6806855	0.9417349	2.574603	2.285513
6456	-33.20114	-48.78795	15.58681	0.9582008	1.513224	1.575576	1.604978
6462	-34.19451	-48.77074	14.57623	1.08732	6.917839	1.010758	1.115812
6468	-30.32474	-46.32894	16.00421	2.477301	3.421209	0.137918	0.3127093
6474	-28.20514	-46.77444	18.5693	0.8735053	1.074751	0.137918	1.161221
6480	-28.77222	-45.56624	16.79402	0.747262	6.656746	0.1691701	0.4783082
6486	-22.94075	-42.00751	19.06676	0.6187827	0.8265834	0.07989864	1.371561
6492	-27.11928	-46.87345	19.75417	0.6187827	0.2297186	0.07989864	1.617625
6498	-26.46546	-44.97537	18.50991	0.7604257	0.4286642	0.3423004	1.514162
6504	-31.76546	-51.43384	19.66837	0.1447015	0.416739	0.06869111	1.75396
6510	-31.27714	-48.27902	17.00189	0.09197024	0.8834724	0.5916872	2.2676
6516	-41.91239	-58.59593	16.68354	1.094854	2.869279	0.5916872	0.3985512
6522	-31.90725	-49.36242	17.45516	1.082427	1.80666	0.4386874	0.7130622
6528	-36.14296	-54.76679	18.62382	0.8566926	0.4838685	0.4386874	1.110931
6534	-29.59679	-46.9685	17.37171	0.718541	1.312013	0.8767913	0.9552709
6540	-28.60798	-45.3519	16.74391	0.7102891	3.95673	0.4653504	0.8007852
6546	-30.96186	-47.55041	16.58855	0.9797934	0.3610255	0.8600824	2.235549
6552	-32.3866	-49.31191	16.9253	0.04977492	0.3285441	0.8600824	2.652212
6558	-39.82466	-53.33084	13.50618	0.3006239	4.883422	0.8600824	2.841627
6564	-38.48765	-54.18441	15.69676	0.4280575	4.31332	0.4933398	1.783595
6570	-37.32957	-52.01465	14.68508	0.6481837	7.346522	0.1576527	2.31728
6576	-35.60928	-50.52611	14.91683	0.9257165	7.346522	0.157769	1.985073
6582	-31.73732	-46.15602	14.41869	0.9105646	11.76414	0.09987935	1.985073
6588	-31.05031	-45.46291	14.4126	0.3857736	28.7965	0.02040058	1.523888
6594	-33.02522	-51.55667	18.53145	0.7281168	1.195985	0.1248595	1.265009
6600	-30.18526	-47.84981	17.66456	1.267605	1.195985	0.04932327	1.76385
6606	-29.71327	-47.9357	18.22244	0.4438784	0.6556047	0.7739583	1.167064
6612	-33.48376	-52.51967	19.03591	0.4037055	0.6556047	0.5483973	0.6090341
6618	-28.11507	-46.00813	17.89307	0.9674881	0.9569279	0.7185188	0.4516838
6624	-29.90775	-47.36263	17.45488	2.037368	0.5881127	0.3145634	0.1513775
6630	-33.90215	-51.94638	18.04424	1.357507	0.5946445	0.5845181	0.7432256
6636	-27.19249	-43.02865	15.83616	1.755193	1.552276	1.529316	0.4673019
6642	-28.35497	-46.44828	18.09331	0.8705108	0.3469884	1.529316	0.4262436
6648	-30.31246	-44.19191	13.87945	1.586132	1.749583	5.948959	0.95205
6654	-26.84507	-43.24877	16.4037	0.490587	1.359271	1.146993	1.683056
6660	-32.94938	-48.43286	15.48349	0.1993852	2.358785	1.146993	2.078557
6666	-28.79136	-46.02602	17.23466	0.7107276	2.358785	0.4486201	1.023416
6672	-32.15377	-46.18339	14.02962	0.2578909	0.539437	1.75008	3.578055
6678	-33.47946	-51.12772	17.64826	0.7531261	0.539437	0.370147	1.95299
6684	-31.18296	-51.44773	20.26477	0.9043943	0.04004684	0.370147	0.7994537
6690	-34.61751	-52.4778	17.86029	0.5750529	0.1821318	1.600926	1.507755
6696	-30.48576	-48.36728	17.88152	0.5538292	0.1821318	1.600926	1.507755
6702	-29.02361	-46.31809	17.29448	0.7369774	0.7656556	1.600926	0.9232963
6708	-33.65246	-47.0251	13.37264	1.342798	0.7656556	12.15351	1.399823
6714	-33.79992	-46.15492	12.355	1.709531	0.7656556	20.38758	1.219396
6720	-37.7406	-50.00147	12.26087	2.685046	1.478118	10.89628	0.6705193
6726	-36.22633	-50.57322	14.34689	2.685046	0.9625376	3.253512	0.8350554
6732	-32.7931	-50.06747	17.27437	1.91872	0.99921	0.3992189	0.7938506
6738	-30.00364	-45.25148	15.24784	0.2811798	6.103348	1.563467	0.9790656
6744	-29.63028	-45.95129	16.32101	0.5268078	0.6731556	2.272873	1.665646
6750	-30.51992	-47.93292	17.41301	0.8316744	1.057706	1.215072	0.5468727
6756	-37.40793	-53.94606	16.53813	0.5082344	2.621263	1.135677	0.9408371
6762	-34.97673	-52.28915	17.31243	0.4998412	1.353096	1.135677	0.9408371
6768	-28.87036	-49.90198	21.03162	0.3009642	0.0612926	0.1119876	1.246989
6774	-30.2931	-50.55145	20.25834	0.3322753	0.1365345	0.4797414	0.7225051
6780	-29.96593	-49.80801	19.84207	0.382998	0.1236858	0.4797414	1.170877
6786	-25.86405	-45.79723	19.93318	0.4596027	0.1464606	0.4797414	0.9293982
6792	-29.53917	-47.52129	17.98212	0.5753247	1.600823	0.3939419	0.9648116
6798	-35.49671	-49.88683	14.39012	1.366265	1.662111	0.4622038	2.817146
6804	-29.1069	-47.1237	18.0168	0.06670405	1.040397	0.7612925	1.300413
6810	-29.72071	-46.743	17.02228	0.4564083	1.192298	1.076905	1.400982
6816	-32.9844	-48.66444	15.68004	0.5540325	1.955962	2.032253	1.400982
6822	-30.91472	-47.57137	16.65664	0.7069697	1.320642	1.322088	1.233925
6828	-31.79544	-48.3686	16.57316	0.1259151	1.420598	1.47433	1.596658
6834	-31.03027	-51.12294	20.09267	0.1971974	0.5528838	0.1416946	0.9311417
6840	-27.56599	-44.55171	16.98572	0.915009	2.300241	0.7184177	0.5270301
6846	-32.6586	-47.02983	14.37123	0.8189116	1.336803	3.870445	1.877275
6852	-34.27904	-50.18942	15.91037	0.7429998	1.336803	1.828859	1.500028
6858	-30.20911	-47.29835	17.08924	0.1680747	1.56688	0.6819724	1.67262
6864	-33.67788	-50.10222	16.42434	0.3134155	3.561831	0.6819724	1.312229
6870	-41.2147	-54.79649	13.58179	0.6802205	3.561831	3.537852	1.79219
6876	-36.59944	-51.52568	14.92623	1.540405	2.119662	0.8424568	1.844864
6882	-38.48598	-54.00658	15.5206	0.7624807	2.119662	1.283735	1.675972
6888	-39.07372	-54.94652	15.8728	0.4908611	4.378082	0.8213192	1.250278
6894	-39.03264	-54.12531	15.09267	1.093718	6.324098	0.3448982	1.552326
6900	-35.01505	-51.77689	16.76185	1.048929	3.500658	0.3448982	0.8480357
6906	-34.23951	-49.64288	15.40337	2.290318	0.7899618	2.390112	0.3317248
6912	-31.82664	-48.74248	16.91584	0.05606683	0.3634815	2.390112	1.890294
6918	-35.86957	-46.66224	10.79268	0.07341445	0.6383834	3.31523	4.992725
6924	-33.58659	-48.47349	14.8869	0.9250279	1.127997	3.31523	1.711572
6930	-31.43174	-47.79236	16.36062	0.7733194	2.315422	1.49977	0.5990656
6936	-32.5551	-48.30823	15.75314	1.158316	2.315422	1.49977	0.930465
6942	-34.7225	-49.61168	14.88917	2.224813	1.476339	1.981796	0.930465
6948	-33.65892	-49.0314	15.37248	0.3646208	1.444418	4.461681	1.27018
6954	-33.09027	-48.50713	15.41686	0.6255847	0.7471873	3.223429	1.856764
6960	-31.34648	-46.5408	15.19432	0.3026429	0.7471873	3.223429	2.218505
6966	-30.44036	-46.53622	16.09586	0.3026429	0.6128407	1.781301	2.218505
6972	-31.94376	-49.16609	17.22233	0.2269036	0.736376	0.9913804	1.827279
6978	-32.84228	-48.09346	15.25118	0.1667354	3.922142	0.6569186	2.17834
6984	-37.46547	-51.17365	13.70818	2.237558	0.7634509	3.269251	1.896579
6990	-34.88453	-49.44645	14.56191	2.073003	0.7634509	2.70467	1.581892
6996	-36.95567	-49.86305	12.90738	1.103836	0.6503082	3.09235	3.240763
7002	-37.20668	-52.12737	14.92069	1.14069	0.8194412	3.267301	1.77181
7008	-40.92602	-58.17484	17.24883	2.133446	0.5996219	0.6499281	0.4357843
7014	-39.56473	-54.11863	14.5539	2.133446	1.302782	2.189563	1.331697
7020	-38.88783	-54.87232	15.9845	1.657773	0.8992755	1.877668	0.9806545
7026	-44.72325	-58.84264	14.11939	1.657773	0.8992755	2.194613	2.232816
7032	-34.18724	-52.49706	18.30982	0.3518579	0.4271062	1.214799	1.093181
7038	-41.3762	-56.31945	14.94325	0.3476783	11.23825	0.9268874	0.8107826
7044	-29.00757	-47.97007	18.9625	0.1549056	0.7879346	0.2452414	1.405356
7050	-31.22762	-48.08299	16.85537	0.3298702	0.7879346	0.7361538	2.152644
7056	-32.36609	-48.35095	15.98486	0.1813795	2.355858	1.36047	1.624214
7062	-30.08765	-45.63267	15.54502	1.232674	1.786005	1.839719	1.133977
7068	-33.65837	-49.7185	16.06014	1.303037	1.786005	1.023679	1.175521
7074	-34.30777	-48.68941	14.38164	1.433549	1.63963	4.609323	1.037149
7080	-34.0207	-48.39098	14.37028	0.1358595	1.869383	4.609323	1.926554
7086	-38.28444	-53.15792	14.87348	0.1747626	2.861965	1.082675	2.371717
7092	-36.43127	-52.19406	15.7628	0.2148748	1.263533	1.103571	2.371717
7098	-36.37201	-49.8298	13.45779	0.06947347	0.4280374	5.599018	3.258525
7104	-34.9026	-48.66853	13.76593	0.8095519	2.637403	5.599018	1.382938
7110	-28.75067	-44.92656	16.17589	0.888709	3.719734	0.7701709	0.84285
7116	-32.85921	-50.14515	17.28594	0.2200007	3.719734	0.4317062	0.9102224
7122	-32.04231	-49.29076	17.24845	0.7263532	1.598858	0.3132408	1.591802
7128	-31.96843	-49.50801	17.53958	1.097239	1.976795	0.190768	1.127753
7134	-32.87237	-48.79314	15.92077	0.6159339	1.976795	0.6169682	2.045635
7140	-41.6097	-56.21686	14.60717	0.1208596	4.313542	2.862138	1.46742
7146	-36.79001	-55.04106	18.25105	0.7469432	1.085533	0.2803144	1.173272
7152	-30.02956	-47.72658	17.69702	0.04897321	1.085533	0.3093816	2.04211
7158	-28.89122	-46.88818	17.99696	0.01088917	1.468148	0.5531051	1.298747
7164	-30.04623	-47.49491	17.44868	0.894422	0.7532176	0.7242025	1.380018
7170	-33.00348	-48.89676	15.89328	0.1186707	0.8157425	3.309202	1.797642
7176	-31.75852	-49.44648	17.68797	1.498057	0.5191777	0.6184622	1.063501
7182	-30.1595	-49.59629	19.4368	0.733402	0.3402	0.3423706	0.8813057
7188	-36.66953	-53.36526	16.69572	2.863819	1.021508	0.227992	0.2869501
7194	-28.72455	-47.61057	18.88602	1.072252	0.4434599	0.354082	0.8634512
7200	-36.95293	-54.03542	17.08249	1.255531	1.150596	0.1683528	1.861852
7206	-28.08318	-46.59686	18.51368	1.310572	0.6597359	0.3236715	0.6630701
7212	-34.93945	-48.79264	13.85319	1.310572	0.7592517	4.703933	2.096083
7218	-32.98622	-47.0628	14.07658	1.717425	2.061506	4.703933	0.71762
7224	-31.20447	-44.92123	13.71676	2.367608	1.138157	6.19513	0.3587724
7230	-38.35302	-53.57823	15.22521	2.889092	0.4077699	2.124739	1.054111
7236	-30.30703	-48.17112	17.86409	0.1759632	2.131247	0.4034164	1.127004
7242	-34.22674	-49.68312	15.45638	0.246105	3.671066	0.2674495	2.500836
7248	-32.00573	-50.20478	18.19905	0.1140841	0.6720176	0.2475753	2.071696
7254	-33.36788	-51.91328	18.5454	0.103061	0.2727209	0.3006536	2.230699
7260	-31.26339	-50.4252	19.1618	0.2042513	0.4179012	0.3006536	1.5269
7266	-30.04332	-47.2549	17.21158	0.07558788	2.545548	0.4344342	1.514708
7272	-29.32963	-46.53963	17.21	1.187231	1.491589	0.3284732	1.301365
7278	-25.98992	-44.72617	18.73626	0.3025735	0.6811945	0.3284732	1.415126
7284	-31.57287	-46.41693	14.84406	1.598652	4.315308	1.373367	0.5389651
7290	-32.77752	-48.02017	15.24266	0.9271284	2.13407	3.524683	0.6694307
7296	-35.91466	-49.79562	13.88096	0.7055792	1.086189	3.524683	2.49128
7302	-30.05609	-47.22838	17.17229	0.9216624	1.024462	1.435283	0.570059
7308	-29.27652	-46.85743	17.58091	0.6595734	0.4373826	1.264609	1.395179
7314	-28.22535	-45.31829	17.09294	1.055392	0.9479284	1.264609	0.8483204
7320	-28.44996	-47.00916	18.5592	0.1507392	0.4425429	1.637612	0.5424676
7326	-28.26602	-43.88817	15.62215	0.6186548	0.7066985	1.83433	2.216197
7332	-27.38127	-43.48009	16.09883	0.3948462	0.8167714	2.811182	1.603248
7338	-26.63114	-43.16589	16.53475	0.09060547	0.6240484	2.470895	1.798136
7344	-32.20402	-45.78969	13.58567	1.158793	0.9885357	4.26354	2.290424
7350	-33.04135	-45.02064	11.97929	0.3592759	1.414569	3.584803	3.65687
7356	-34.12553	-48.20087	14.07535	0.6813589	2.388855	2.530066	2.087969
7362	-33.2129	-47.89294	14.68004	0.8174257	2.388855	2.530066	1.577373
7368	-33.72886	-50.1262	16.39734	0.8118777	0.9640619	2.530066	0.9892165
7374	-27.67345	-45.35072	17.67727	0.3888983	0.3920055	2.530066	0.9193056
7380	-26.6486	-46.3971	19.74849	0.1787633	0.2628378	0.3331542	1.295349
7386	-31.72768	-46.41731	14.68963	0.9560383	1.359658	4.785791	1.319102
7392	-30.41454	-46.52781	16.11327	0.1506736	2.595318	1.124129	1.613025
7398	-30.79325	-49.57978	18.78653	0.2440988	0.4748298	1.124129	0.6349703
7404	-35.442	-52.61626	17.17425	1.682024	0.732389	0.8711304	0.322517
7410	-29.88242	-47.30074	17.41832	0.7068645	0.732389	0.4429492	1.862824
7416	-30.37	-48.63167	18.26167	1.161181	0.732389	0.2789651	1.138606
7422	-27.79488	-47.15876	19.36388	0.5725665	0.5168895	0.1740613	1.213343
7428	-28.24748	-48.49776	20.25028	0.1688812	0.5168895	0.1740613	0.6891385
7434	-26.82756	-46.90181	20.07425	0.3733775	0.2904791	0.2290979	0.9977322
7440	-30.43432	-46.72688	16.29256	1.093714	2.259368	0.2290979	1.871167
7446	-33.00292	-51.70273	18.69982	0.04368084	1.174161	0.6292209	0.6420283
7452	-29.92191	-49.44222	19.52031	0.08225609	0.7219721	0.2176854	1.133834
7458	-30.52695	-47.86069	17.33374	0.9107763	0.6184051	0.9957461	1.35761
7464	-30.3382	-47.2399	16.9017	1.002395	0.6617357	2.194	0.799271
7470	-29.12725	-45.66773	16.54047	0.5564103	0.9643446	2.194	1.247925
7476	-24.71137	-44.47819	19.76682	0.1110348	0.2007845	0.767347	0.8463328
7482	-30.21726	-49.06614	18.84888	0.02026751	0.5377804	1.113489	0.7565995
7488	-30.97115	-47.85704	16.88589	0.1268591	0.648797	3.931248	0.9912492
7494	-28.43336	-46.2234	17.79004	0.1024603	0.648797	0.5625927	1.96103
7500	-25.70842	-43.9239	18.21548	0.8348193	1.088019	0.4822586	0.6376301
7506	-24.214	-41.30896	17.09495	1.208748	2.136109	0.4950008	0.4278083
7512	-26.18439	-44.72366	18.53928	0.06113219	0.3336594	0.6414384	1.766521
7518	-32.8553	-47.50161	14.64632	0.7069654	0.7903926	2.326925	2.534703
7524	-28.76853	-46.45639	17.68786	0.2736491	0.7458739	0.8859848	1.532556
7530	-33.98834	-47.59478	13.60643	2.099143	1.723012	5.027015	0.9701135
7536	-32.87119	-45.37787	12.50668	2.099143	1.723012	9.061811	1.184603
7542	-30.98369	-46.37669	15.393	1.78718	0.5263744	3.315085	1.210579
7548	-26.81413	-44.41684	17.60271	0.4776475	2.98837	0.3121185	0.8566458
7554	-32.3011	-48.25294	15.95184	0.1062092	12.55397	0.1057079	1.370397
7560	-28.90996	-47.25074	18.34077	0.1017357	3.620067	0.1057079	0.8685508
7566	-37.75996	-52.14681	14.38684	0.3545291	1.11007	0.1392461	4.127032
7572	-38.32849	-52.62305	14.29456	0.5911844	1.11007	1.123862	3.111565
7578	-42.607	-54.3915	11.78451	1.879313	2.175278	1.741983	3.111565
7584	-36.08163	-52.2082	16.12656	1.757732	0.5930982	1.741983	1.192086
7590	-40.57547	-56.24789	15.67242	2.321669	0.7661757	1.741983	0.8564526
7596	-33.9047	-52.08515	18.18045	2.178156	0.9983986	0.05197692	0.4268774
7602	-32.02198	-48.63012	16.60814	1.746126	5.823039	0.01697169	0.4952878
7608	-32.831	-47.94376	15.11276	0.8518273	13.95151	0.01697169	1.59914
7614	-34.14229	-50.82567	16.68339	0.4297661	9.666007	0.128985	0.5430478
7620	-29.23561	-46.68056	17.44494	0.2242731	4.745727	0.1684226	1.051783
7626	-29.69724	-46.95161	17.25437	0.4733916	4.745727	0.201575	0.8834619
7632	-31.56817	-48.16937	16.60121	0.6690738	4.677633	0.3753968	0.9456555
7638	-43.01449	-55.25606	12.24158	0.6631141	4.677633	1.379641	3.129561
7644	-34.46474	-50.1152	15.65046	1.345409	2.674013	0.5727702	1.516116
7650	-40.09541	-59.61238	19.51697	0.8444678	0.7633161	0.07210413	0.8503415
7656	-40.45147	-57.50511	17.05364	2.76783	0.6238697	0.2322099	0.1984389
7662	-50.28732	-62.14084	11.85353	3.465967	3.238463	3.916322	0.2287185
7668	-36.3744	-50.91235	14.53795	2.666269	0.7294442	3.916322	0.5546195
7674	-32.61726	-47.31148	14.69422	2.415124	0.4991801	5.343464	0.5398912
7680	-31.75602	-47.5229	15.76688	0.8001666	1.039711	3.410905	1.164464
7686	-30.94787	-48.23321	17.28534	1.436251	0.8127535	0.9667552	0.4090023
7692	-31.42925	-48.32012	16.89086	0.3472106	2.420187	0.9667552	1.012037
7698	-31.70581	-46.67929	14.97348	0.631988	2.281578	1.350742	2.042397
7704	-30.84087	-46.89704	16.05617	1.383538	1.244469	1.831493	0.8740418
7710	-28.39002	-45.1724	16.78238	0.1331196	1.014307	2.303521	1.307436
7716	-32.6305	-48.41914	15.78864	0.2369386	4.566409	1.80133	0.6559322
7722	-28.02246	-43.48873	15.46628	0.5262461	1.947142	2.079656	1.566678
7728	-31.57329	-46.6465	15.07321	1.531879	1.947142	1.146178	1.60167
7734	-28.8843	-46.81592	17.93162	0.3515054	1.438495	0.794545	0.702536
7740	-30.153	-46.03156	15.87856	0.3181063	4.989986	0.3930621	1.718623
7746	-26.62968	-43.93097	17.30128	0.01113897	1.064783	1.136942	1.572198
7752	-28.63345	-45.10058	16.46713	0.6880644	1.921923	1.515415	0.8926329
7758	-29.51722	-45.59748	16.08026	0.3649372	3.389155	0.9730308	1.328738
7764	-31.52988	-47.81918	16.2893	0.3649372	0.5341495	0.8924302	2.593432
7770	-35.15852	-51.9297	16.77118	0.5157453	0.5341495	0.8443737	2.227802
7776	-33.99651	-51.12701	17.13051	0.5004576	0.5341495	1.64074	1.518424
7782	-32.13778	-49.08832	16.95053	0.7019998	0.7724952	1.64074	1.243843
7788	-37.07752	-53.5484	16.47088	1.803384	0.7346062	1.64074	0.4746007
7794	-37.8282	-54.69352	16.86532	1.883177	1.117102	0.6333936	0.3308098
7800	-38.50161	-52.06651	13.5649	1.883177	6.462923	1.996685	0.455757
7806	-39.05887	-52.90724	13.84837	1.371063	2.834234	2.45505	1.652108
7812	-34.26773	-49.09915	14.83142	1.371063	2.799962	2.57361	0.7326676
7818	-34.50371	-49.4614	14.95769	1.227172	6.269785	0.9799109	0.7326676
7824	-33.6394	-48.38103	14.74163	0.3506981	4.74233	0.8793345	2.043826
7830	-38.55626	-54.14213	15.58587	0.58025	12.61705	0.1913518	1.005337
7836	-35.84403	-51.16108	15.31705	0.7431539	12.00606	0.3609841	0.7214299
7842	-33.89132	-49.38616	15.49484	0.5527594	15.61715	0.1769108	0.7889182
7848	-29.81234	-46.2584	16.44606	0.8341112	7.781195	0.1769108	0.5453277
7854	-37.10184	-51.16488	14.06304	0.8257685	41.17549	0.04558688	0.339137
7860	-36.99248	-52.18029	15.18781	3.302169	4.55124	0.04558688	0.3017638
7866	-35.0726	-52.74952	17.67692	0.3350457	5.453067	0.107374	0.6675832
7872	-33.73058	-50.37026	16.63968	0.7515635	2.94518	0.107374	1.921417
7878	-29.42317	-46.35552	16.93235	0.9972421	1.220402	0.2579492	1.921417
7884	-29.88308	-47.81219	17.92911	0.3193306	1.220402	0.2523719	1.711275
7890	-26.88815	-44.91551	18.02736	0.507815	1.220402	0.1559439	1.711275
7896	-32.13545	-47.40974	15.2743	0.8637144	5.303671	0.9151611	1.124196
7902	-29.32263	-45.88598	16.56335	0.6987235	3.764978	0.6802786	0.7009112
7908	-32.81319	-47.3739	14.56072	1.529305	3.764978	2.169368	0.4065655
7914	-30.26876	-48.38155	18.11278	1.039028	1.500246	0.2184706	0.8369422
7920	-34.33722	-53.39415	19.05693	0.9563888	0.5989891	0.174804	1.02784
7926	-37.85784	-53.99368	16.13584	0.3743739	1.969723	0.8871822	1.840095
7932	-32.52754	-51.32645	18.79891	0.0447914	0.3328287	0.896323	1.358884
7938	-31.55655	-47.60094	16.04439	0.4829688	0.9931116	1.177558	2.134502
7944	-32.97419	-49.12235	16.14816	0.2201731	0.9931116	2.125717	1.799427
7950	-29.55116	-46.58366	17.0325	0.4227706	0.3346034	0.9446387	2.285408
7956	-32.13283	-46.26146	14.12863	1.686362	0.8388035	8.685619	0.7809731
7962	-33.49936	-44.56553	11.06617	1.686362	0.620906	36.31254	1.569718
7968	-30.86689	-45.67809	14.81121	0.8915243	1.295026	4.305488	1.429821
7974	-30.02966	-45.48537	15.45571	0.1956226	0.8867985	4.305488	1.748828
7980	-30.05411	-45.89696	15.84285	1.233418	0.4376288	4.305488	1.128811
7986	-30.88629	-47.39794	16.51165	0.1860593	1.757519	1.441264	1.439285
7992	-36.22125	-49.06449	12.84323	0.851849	2.009433	6.707026	2.054055
7998	-39.32363	-51.04975	11.72611	1.163502	2.068053	6.707026	2.547499
8004	-34.04271	-49.45265	15.40994	0.8914565	2.068053	2.69721	0.9886639
8010	-35.99013	-50.43176	14.44163	1.81028	2.353456	2.477055	0.9886639
8016	-35.99236	-53.43902	17.44667	0.8452179	0.3988212	2.477055	0.5969537
8022	-37.48005	-55.01135	17.53131	0.1435414	0.3988212	0.5371126	2.390839
8028	-32.4919	-50.89842	18.40652	1.316545	0.3988212	0.5371126	0.8491464
8034	-31.77234	-50.58534	18.813	0.7701442	1.254341	0.08983995	1.063759
8040	-36.37537	-53.91816	17.54279	1.431251	2.785421	0.06126976	0.8780233
8046	-32.35951	-50.41381	18.0543	1.378023	1.028203	0.2491264	0.8780233
8052	-32.15388	-49.2595	17.10562	1.228285	1.039695	0.7815601	1.062006
8058	-31.79103	-47.46707	15.67605	0.3589245	1.728174	1.122066	2.102407
8064	-35.76414	-51.834	16.06986	0.8424687	0.6957141	1.380264	1.993282
8070	-30.67245	-45.77546	15.10301	0.4607854	0.6957141	4.173101	1.993282
8076	-33.49298	-47.0128	13.51982	0.488074	2.137326	4.151483	2.245256
8082	-29.07135	-44.38111	15.30976	0.1434484	1.017227	2.724099	2.192533
8088	-30.82042	-47.4094	16.58898	0.2814327	1.017227	2.528704	1.248615
8094	-30.69307	-50.20694	19.51386	0.2969117	0.4000327	0.5316366	0.7389267
8100	-29.60732	-46.79789	17.19057	0.2225162	1.075813	0.9937089	1.590888
8106	-35.99616	-53.19252	17.19636	1.155112	0.4234986	2.151514	0.7287353
8112	-29.38014	-47.62733	18.24719	0.2568946	0.9246413	0.8258881	0.9572835
8118	-31.55709	-48.45388	16.89679	0.05885138	1.933785	0.8258881	1.589253
8124	-35.30454	-51.90165	16.59712	0.1016271	1.081518	1.960009	1.571209
8130	-38.86342	-57.65919	18.79577	0.1718389	1.081518	0.4925915	0.7632419
8136	-37.6292	-50.6382	13.009	0.5891027	1.03047	2.894129	3.276327
8142	-36.17117	-53.45175	17.28058	0.2805151	1.03047	0.5830107	1.867188
8148	-30.05552	-47.28272	17.2272	0.1110136	1.278238	0.5830107	1.867188
8154	-28.4175	-47.51304	19.09554	0.3340624	0.6182758	0.2314083	1.362866
8160	-32.35691	-50.44203	18.08512	1.327314	0.8652622	0.2487721	1.074324
8166	-31.58286	-51.23774	19.65489	0.4794079	0.5206052	0.08365027	1.330013
8172	-30.54622	-46.47571	15.9295	0.5084614	2.290426	0.9342419	1.73072
8178	-40.41506	-54.22884	13.81378	2.139264	1.829189	1.265949	2.030514
8184	-30.53647	-48.32017	17.7837	0.3958179	0.8348279	0.9613683	1.214059
8190	-41.59282	-56.09944	14.50662	1.95584	0.8348279	4.569327	1.099439
8196	-42.43858	-57.7278	15.28922	1.95584	0.4671553	4.569327	0.8138914
8202	-38.44195	-55.78034	17.33839	0.3079982	0.6573991	0.4513002	2.234885
8208	-33.10965	-50.49614	17.38649	0.6370512	0.6573991	0.4513002	1.987709
8214	-30.75293	-48.71421	17.96128	0.2789154	2.576537	0.1928076	1.190622
8220	-27.95984	-46.5255	18.56566	1.217266	1.021684	0.02299899	1.339809
8226	-33.03491	-53.69351	20.65861	0.6756723	0.168733	0.02299899	1.219777
8232	-24.97089	-43.9962	19.02531	0.4969777	0.8129854	0.07259001	1.534179
8238	-36.21022	-54.29565	18.08543	1.337894	0.4008894	0.1245652	1.877402
8244	-32.02879	-50.8097	18.7809	0.8286547	0.4008894	0.1332576	1.725714
8250	-31.19576	-48.21981	17.02405	0.7382667	0.5977509	1.01143	1.725714
8256	-33.91343	-50.86542	16.95199	0.8273964	0.3176463	1.01143	2.054955
8262	-37.36712	-54.09968	16.73256	1.912159	0.1184044	1.871655	1.383155
8268	-42.55593	-59.65857	17.10264	3.351812	0.3971004	0.2301266	0.7054776
8274	-37.30563	-55.29701	17.99138	1.205794	0.3265381	0.341103	1.717709
8280	-40.29379	-57.25295	16.95916	0.7488647	0.4644511	1.322069	1.717709
8286	-39.55489	-53.36682	13.81193	2.589263	0.7989638	5.191037	1.028571
8292	-40.06918	-53.09142	13.02224	2.589263	1.388802	5.191037	1.234724
8298	-35.33701	-50.11372	14.77671	1.047901	1.388802	1.663478	2.121048
8304	-33.14673	-51.1524	18.00567	0.2017435	0.4346141	0.8999123	1.67997
8310	-30.65579	-46.24607	15.59028	0.04591784	0.4346141	0.7719032	3.3898
8316	-31.04842	-45.40114	14.35272	0.2225348	1.335789	4.129732	2.226856
8322	-35.33833	-50.35897	15.02064	0.4059621	1.335789	4.358544	1.598818
8328	-34.31067	-48.70371	14.39304	0.3032127	2.330156	4.401573	1.657637
8334	-44.14417	-50.8132	6.66903	1.454122	0.9057664	14.03963	5.14849
8340	-44.00251	-48.94805	4.945534	2.53577	2.552656	129.6056	2.35114
8346	-39.44748	-46.58167	7.134197	2.188256	1.198426	87.32226	2.272214
8352	-30.67912	-43.00412	12.32499	0.9572226	1.049766	6.917584	2.735867
8358	-30.22769	-45.29414	15.06645	1.466409	1.049766	1.832575	1.76699
8364	-29.54549	-44.6162	15.07071	0.9135922	1.049766	4.995077	1.213079
8370	-29.9327	-44.81118	14.87848	1.54892	1.049766	4.995077	0.7533196
8376	-30.56089	-47.44334	16.88245	1.549015	0.6332984	1.521894	0.3438282
8382	-34.82192	-47.32004	12.49812	2.569997	0.8629184	10.16101	0.1328772
8388	-37.07456	-49.71814	12.64358	2.00206	4.348155	4.793225	0.2263491
8394	-27.72718	-45.38116	17.65398	0.3215335	1.320288	0.466514	1.522605
8400	-31.33666	-47.49543	16.15877	1.292529	0.6144767	1.720258	1.522605
8406	-27.42671	-44.3304	16.90369	1.090381	0.9184106	1.720258	0.5940112
8412	-36.09331	-52.26992	16.1766	2.329665	0.9184106	0.8502643	0.9324792
8418	-32.43594	-47.63239	15.19645	1.724053	0.9184106	3.719489	0.8122301
8424	-34.86074	-47.93518	13.07444	1.393161	0.7821911	6.626243	2.212242
8430	-39.05166	-50.42028	11.36862	1.512536	8.772842	7.561465	1.020797
8436	-33.72611	-48.51963	14.79352	1.512536	3.2649	2.010491	0.3245861
8442	-34.3671	-50.15309	15.786	0.9395572	3.2649	1.322911	0.8019365
8448	-33.02514	-49.2333	16.20816	1.154404	0.8439602	0.6545574	2.06366
8454	-29.01791	-45.26028	16.24237	0.231351	2.499318	0.5943391	1.921468
8460	-28.32403	-45.77875	17.45472	0.8289092	1.640481	0.5943391	0.8652382
8466	-28.4625	-45.88917	17.42667	0.04155899	3.232663	0.6935072	0.6560993
8472	-28.58564	-46.09208	17.50644	0.08832909	2.157094	0.199542	1.824449
8478	-23.9418	-44.32745	20.38566	0.06212038	0.171302	0.04031968	1.824449
8484	-28.73529	-47.66843	18.93315	0.004773628	0.664974	0.1636998	1.824449
8490	-27.22517	-47.4349	20.20973	0.6099676	0.08426343	0.08400637	1.648515
8496	-26.38577	-46.14946	19.76368	0.1513958	0.1831523	0.08757201	2.004873
8502	-26.8578	-45.53034	18.67254	0.8037494	1.196026	0.08757201	1.212804
8508	-31.35327	-49.15359	17.80032	1.300462	0.9480482	0.1579408	1.481544
8514	-32.04517	-49.93632	17.89114	1.925088	0.9199838	0.2038222	0.3640031
8520	-32.53314	-52.38285	19.84971	0.7282174	0.2169267	0.2209859	1.078217
8526	-30.08091	-49.43332	19.35241	0.4371793	0.2169267	0.2942022	1.56423
8532	-30.9091	-48.75139	17.84229	0.4105455	0.3713562	0.02428503	2.940943
8538	-35.7124	-52.92739	17.21499	1.712316	1.777284	0.1904485	0.9683588
8544	-33.47182	-51.99521	18.52339	1.630402	0.6659296	0.2073698	0.4797879
8550	-30.42689	-49.08748	18.6606	0.9883379	0.5875675	0.4867683	0.5638403
8556	-31.64923	-47.12058	15.47134	0.08808862	2.822394	1.856388	1.650517
8562	-34.90108	-51.20265	16.30156	0.4595417	0.8987886	0.3669213	2.707603
8568	-30.86144	-47.62144	16.76	0.07217075	0.9460852	2.954256	1.176931
8574	-32.85122	-48.95181	16.10059	0.3788634	0.9460852	1.932884	1.833172
8580	-29.98315	-47.85198	17.86883	0.6487606	0.9460852	0.3938863	1.472955
8586	-35.58663	-53.33547	17.74884	1.35898	0.4291954	0.6011397	1.2882
8592	-33.86383	-47.88087	14.01704	0.4829208	2.711865	2.173295	2.272705
8598	-34.32606	-51.08145	16.75538	1.873691	0.7579232	0.8952862	0.943954
8604	-29.38382	-49.70605	20.32223	1.014594	0.2591067	0.05414341	0.8179592
8610	-26.35403	-47.65343	21.2994	0.1464777	0.03111931	0.05414341	1.481658
8616	-32.48699	-53.32347	20.83648	0.2269812	0.1074187	0.05943969	1.481658
8622	-28.83346	-47.74194	18.90848	0.7010724	0.2775186	0.4709058	1.307697
8628	-27.3723	-46.4298	19.05749	0.6280587	0.1888269	0.1224701	2.049066
8634	-29.28781	-49.97509	20.68728	0.7209477	0.0494864	0.2169894	0.8966454
8640	-27.58162	-47.48671	19.90508	0.6121808	0.3162544	0.2169894	0.8966454
8646	-27.57967	-46.27083	18.69116	1.651538	0.3162544	0.3710393	0.4151096
8652	-31.0354	-48.68627	17.65088	1.476417	0.2434949	1.440081	0.837828
8658	-32.37444	-49.4831	17.10866	0.131929	0.9499362	1.377822	1.559848
8664	-27.58997	-47.17431	19.58433	0.5744789	0.9775197	0.09431059	0.6396739
8670	-29.01956	-47.13267	18.11311	1.571393	1.349055	0.1120419	0.3086304
8676	-29.06094	-48.50767	19.44674	0.1164148	1.76984	0.05191005	0.8796965
8682	-29.77492	-47.21807	17.44314	0.4984093	2.694031	0.08352421	1.689693
8688	-27.05977	-44.53497	17.4752	0.5387652	1.015769	0.8469583	1.294615
8694	-28.8482	-44.08359	15.23539	0.1476559	1.548402	1.803701	2.270189
8700	-26.92201	-44.07654	17.15453	0.6685655	1.548402	0.6363087	1.302181
8706	-31.24233	-48.35429	17.11196	1.174592	1.713744	0.687806	0.5068034
8712	-32.28288	-48.63944	16.35656	1.355927	0.4704003	3.460208	0.6582236
8718	-30.86029	-48.39448	17.53419	1.008875	0.4704003	1.549432	0.8663414
8724	-29.89423	-44.0292	14.13497	1.061033	0.6480153	8.125023	1.628085
8730	-31.05026	-47.72685	16.67659	1.099846	0.4030468	1.71064	1.544397
8736	-35.36923	-49.88327	14.51403	1.27852	1.983156	2.522442	1.526431
8742	-34.50953	-53.82605	19.31652	0.0307451	0.2153712	0.6889183	1.386901
8748	-32.08914	-47.7381	15.64895	0.05737339	1.029899	1.440755	2.497854
8754	-37.0662	-53.37325	16.30705	0.3522572	2.947054	1.159264	1.150993
8760	-30.53857	-47.495	16.95643	0.3945754	1.297495	1.092595	1.419387
8766	-30.69797	-45.56958	14.87161	0.2966338	1.682651	3.1489	1.903989
8772	-42.5991	-54.55487	11.95577	1.507053	0.8447614	0.7376831	4.329188
8778	-33.43502	-50.20591	16.77088	0.8046987	0.8447614	0.7376831	1.846866
8784	-34.18268	-51.58092	17.39824	2.241414	0.4354632	0.5360522	0.868787
8790	-27.11275	-45.63702	18.52428	0.4339013	0.6407659	0.7622324	0.918975
8796	-34.08253	-49.26951	15.18698	0.4338895	0.7423313	3.166036	2.157141
8802	-29.3197	-47.57389	18.25419	0.5595546	0.8744009	0.4224138	1.256915
8808	-28.47379	-45.28383	16.81004	0.259442	5.101498	0.2608424	1.256915
8814	-36.74161	-52.19327	15.45166	0.4984076	11.70631	0.2608424	1.140367
8820	-27.38894	-44.95	17.56106	1.550032	1.06823	0.4585521	0.3857573
8826	-26.70556	-43.85888	17.15332	0.5030068	2.151016	0.4585521	1.35492
8832	-25.61808	-43.82751	18.20943	0.639812	0.5531019	0.5791146	1.35492
8838	-30.56189	-49.07049	18.50859	1.587117	0.2480048	0.5791146	0.7100974
8844	-33.55037	-51.69669	18.14632	0.1100451	0.2480048	1.729887	1.433851
8850	-28.73345	-45.01919	16.28574	0.1898431	1.363759	0.4748153	2.49495
8856	-35.24104	-49.4112	14.17015	0.07879807	0.2290785	1.350658	4.128673
8862	-28.52326	-45.43584	16.91259	0.0375233	1.419775	1.350658	1.481658
8868	-31.13927	-47.30278	16.16352	0.1174809	5.634083	0.5051609	1.380971
8874	-30.0689	-46.3296	16.2607	0.5529837	5.829362	0.5051609	0.8439047
8880	-27.54852	-44.04261	16.49408	1.229826	1.167782	1.310637	1.035702
8886	-30.1387	-45.97345	15.83475	1.763586	1.231559	1.776387	0.7226377
8892	-29.11948	-46.3238	17.20433	0.1902726	1.621803	0.912428	1.335135
8898	-30.21736	-49.00522	18.78785	0.9070019	0.9798643	0.2312261	0.6243853
8904	-25.95624	-46.0224	20.06617	0.6577102	0.2396781	0.1040527	1.244543
8910	-29.14708	-48.37292	19.22584	1.685001	0.2396781	0.1863733	0.3128231
8916	-26.44167	-45.02554	18.58387	0.8895087	0.4180775	0.3644744	1.337033
8922	-34.96843	-48.73336	13.76493	0.5086721	2.239055	0.9488788	3.112319
8928	-37.34023	-52.73717	15.39694	0.2588768	3.380487	2.245625	1.225737
8934	-30.34903	-47.82892	17.47989	0.3061466	0.6416468	0.7966459	1.827439
8940	-34.87927	-52.49618	17.61691	0.1963489	3.101794	0.2371787	1.246552
8946	-32.9725	-49.19227	16.21977	0.7155194	8.396844	0.2371787	0.6862496
8952	-29.63283	-45.47358	15.84076	0.5524656	1.302697	1.835481	1.706248
8958	-36.58132	-50.34343	13.7621	0.5262684	1.302697	6.828774	1.964635
8964	-32.27318	-48.94641	16.67322	0.3722637	0.3439203	1.483918	2.233418
8970	-32.00664	-48.68423	16.67759	0.8582897	2.163182	1.022493	0.75911
8976	-28.43886	-45.40499	16.96614	0.2502965	1.013612	1.659316	1.373446
8982	-32.18085	-48.6654	16.48456	0.4872077	0.4179457	0.6914802	2.668461
8988	-35.62129	-52.91363	17.29234	0.2280487	1.006987	1.254669	1.37955
8994	-33.78229	-50.705	16.92271	0.55765	1.723012	0.5119423	1.614577
9000	-29.51904	-48.00929	18.49025	0.7749424	0.4461955	0.2713512	1.614577
9006	-37.63692	-54.51529	16.87837	1.671219	0.4019681	1.429442	1.079713
9012	-39.56522	-51.3452	11.77998	2.558147	1.282991	17.70057	0.4566577
9018	-36.77423	-50.5537	13.77946	1.631533	2.449137	3.210421	1.392982
9024	-31.31523	-50.18652	18.8713	0.2513151	0.3914791	0.5512453	1.392982
9030	-29.123	-48.2674	19.14439	0.366237	0.1179152	0.2777144	2.015338
9036	-32.12725	-52.302	20.17475	0.3474086	0.1179152	0.2777144	1.284276
9042	-32.83983	-52.98805	20.14822	0.1028616	0.1179152	0.5393794	1.080103
9048	-29.95575	-48.82638	18.87063	0.01477052	0.3259583	1.207929	1.080103
9054	-39.29622	-52.68665	13.39043	4.102074	0.3548137	4.805287	0.3766493
9060	-37.59609	-53.39731	15.80122	2.47498	0.2112321	3.488689	0.3766493
9066	-33.28303	-49.45021	16.16718	1.426015	0.4959225	3.488689	0.7680137
9072	-32.62212	-49.03246	16.41035	0.836308	0.4959225	3.488689	1.137809
9078	-30.9711	-47.19044	16.21934	0.8162658	0.8327188	3.488689	0.8900541
9084	-41.33094	-56.60366	15.27272	1.503057	1.247901	3.488689	0.6879586
9090	-37.76732	-54.8687	17.10138	1.359861	1.247901	0.8282022	0.4934452
9096	-45.35761	-59.73944	14.38183	5.242466	0.3317444	0.8282022	0.5943124
9102	-27.8185	-45.17713	17.35863	0.1688831	1.069767	0.6827293	1.767846
9108	-31.7747	-47.51673	15.74203	0.7571326	5.986026	0.6827293	0.8621302
9114	-36.11563	-50.10347	13.98784	0.4200527	5.986026	2.554521	1.46839
9120	-34.49021	-47.55531	13.0651	2.069404	1.140374	10.3625	0.2394079
9126	-32.53747	-45.67414	13.13667	0.6990317	1.512203	10.3625	1.725706
9132	-33.16819	-46.05693	12.88874	1.42916	1.055081	11.61739	1.520367
9138	-36.0802	-50.12707	14.04687	1.42916	1.055081	2.288287	2.291978
9144	-35.288	-51.41325	16.12526	1.361068	1.055081	2.022086	0.8843471
9150	-33.90818	-48.9947	15.08652	1.520268	0.7957154	2.022086	1.824095
9156	-35.6355	-50.16218	14.52668	1.298857	1.606324	2.998381	1.52027
9162	-35.13829	-51.66418	16.52589	0.2530523	1.578053	1.354831	1.52027
9168	-31.16563	-48.11221	16.94657	0.1489992	3.845511	0.3594221	1.366806
9174	-26.2156	-44.60591	18.39031	0.2620753	0.558692	0.8637291	1.209868
9180	-34.46656	-52.22037	17.75381	0.1092212	0.7454188	0.3471012	2.15107
9186	-32.23714	-50.17552	17.93838	0.9471153	0.98018	0.3471012	1.228042
9192	-28.59077	-45.69347	17.1027	1.580349	1.591584	0.4506547	0.3610041
9198	-30.55402	-47.59256	17.03855	0.9630883	0.6700355	2.222864	0.4514192
9204	-31.09446	-47.7261	16.63164	0.3789765	0.8935364	2.222864	1.36577
9210	-31.11388	-45.43953	14.32565	1.579095	3.392085	2.371076	0.9259297
9216	-28.35098	-45.36519	17.01421	0.4823477	3.392085	0.4908336	0.9399839
9222	-28.89803	-45.59436	16.69633	0.5315269	4.929684	0.4908336	0.5813544
9228	-32.12858	-48.0698	15.94122	1.281523	4.929684	0.4908336	0.4132074
9234	-30.88993	-46.03654	15.14661	0.856866	4.929684	0.7872523	1.438345
9240	-28.98045	-45.25969	16.27924	0.6719634	2.349783	0.3235098	1.975768
9246	-38.71499	-55.64087	16.92588	1.534053	1.37609	0.3419923	1.297979
9252	-37.00871	-53.07367	16.06495	1.904128	1.37609	0.3966442	1.588908
9258	-34.15233	-49.21737	15.06504	1.598674	1.598231	1.739057	1.386565
9264	-36.02161	-51.08767	15.06606	0.1866205	1.497424	1.739057	2.40319
9270	-34.81103	-46.66344	11.85241	0.6130019	0.8101966	3.497579	3.928938
9276	-32.82565	-48.67769	15.85203	0.9180397	0.573533	1.818399	1.997158
9282	-30.56418	-46.31281	15.74863	0.5359427	0.4383658	2.545945	2.198649
9288	-29.48824	-46.98026	17.49202	0.2947756	0.3337408	2.262168	1.396043
9294	-28.26384	-45.29077	17.02693	0.7064306	1.388088	1.138427	0.9914896
9300	-34.6162	-48.87512	14.25892	0.3451412	1.2807	6.592054	1.797399
9306	-33.05628	-47.94145	14.88517	0.1040629	1.2807	6.592054	1.521489
9312	-33.23872	-47.75865	14.51994	0.3438544	0.8056214	6.592054	1.937831
9318	-37.34516	-49.50978	12.16462	0.2198896	0.531705	6.592054	3.684499
9324	-35.31673	-48.54539	13.22866	1.197495	0.6018591	9.714181	2.013834
9330	-36.711	-47.09288	10.38188	1.252187	2.230315	5.879222	3.365663
9336	-36.35445	-48.46036	12.10591	0.9569831	2.230315	5.879222	2.50323
9342	-29.95431	-45.90524	15.95093	0.8523367	2.300979	0.569561	1.790067
9348	-36.44589	-51.3668	14.92091	0.2929942	1.389772	1.439396	2.609979
9354	-30.11991	-46.3035	16.18359	0.6870693	2.554126	1.439396	0.8927207
9360	-35.09783	-50.20322	15.1054	0.5330385	2.805623	1.439396	1.801312
9366	-27.0029	-45.80675	18.80385	0.06275268	0.5920873	0.2324616	1.801312
9372	-27.34841	-47.48612	20.13772	0.006334014	0.1368233	0.2542074	1.566091
9378	-33.24475	-51.40388	18.15914	0.1601862	0.8905488	0.8053414	1.187847
9384	-33.81023	-49.72803	15.9178	0.6955092	2.049046	0.9819467	1.665712
9390	-29.57238	-46.93286	17.36049	0.4919528	1.431744	0.7242266	1.252795
9396	-29.56725	-47.12007	17.55283	0.3443436	0.369301	0.581563	2.243043
9402	-30.54978	-48.51279	17.96301	0.066574	0.5078759	0.581563	1.991339
9408	-29.29777	-46.52848	17.23071	0.04217559	1.115521	0.581563	2.008501
9414	-27.85717	-45.86276	18.00559	0.5714647	1.115521	0.309188	1.437213
9420	-31.7615	-49.22211	17.46061	0.03781626	1.250195	0.1937898	2.304686
9426	-28.06782	-48.36496	20.29714	0.01083212	0.1781854	0.06091913	1.834689
9432	-31.76729	-51.30981	19.54252	0.05542858	0.1781854	0.1996783	1.955047
9438	-25.6218	-44.94573	19.32393	0.5457758	0.6757768	0.1331458	1.192651
9444	-31.41115	-51.18673	19.77558	1.202443	0.2155053	0.06435009	1.238362
9450	-29.08653	-48.7592	19.67267	0.4338409	0.2155053	0.3095977	1.295796
9456	-29.99667	-49.13073	19.13407	0.8766147	0.2155053	0.3095977	1.372445
9462	-31.38233	-49.5278	18.14547	0.2538033	0.2998408	1.456334	1.372445
9468	-30.0024	-48.0493	18.0469	1.854418	0.3301529	0.1846463	1.492065
9474	-28.32301	-46.50173	18.17872	0.4035646	0.2753761	0.3060213	2.261062
9480	-26.96665	-46.7228	19.75615	0.9928518	0.1708085	0.03806079	1.621004
9486	-29.51381	-49.92938	20.41558	0.02324126	0.164654	0.2364078	1.300737
9492	-29.43791	-47.38536	17.94745	0.3452215	1.101871	0.2364078	1.784146
9498	-35.64797	-51.91517	16.26719	1.006317	3.5546	0.3458701	1.330939
9504	-31.0382	-48.09648	17.05829	0.6315992	3.627908	0.1747269	1.330939
9510	-33.16321	-51.42434	18.26113	0.8878894	1.053812	0.4564632	0.4311525
9516	-30.39567	-50.00542	19.60974	0.449274	0.1585156	0.3360168	1.427238
9522	-31.58477	-49.46563	17.88086	0.03144456	0.2556074	1.082005	2.020478
9528	-31.83836	-49.49429	17.65593	0.02863689	0.3904753	1.082005	1.971158
9534	-34.13005	-51.44533	17.31529	0.5651986	1.173744	0.9112317	1.2241
9540	-27.56881	-46.83651	19.2677	0.4348565	0.4213758	0.1850304	1.502382
9546	-33.74905	-52.30324	18.55419	0.9916811	0.8740949	0.1700336	1.153154
9552	-30.75376	-48.26119	17.50743	0.4049684	4.234116	0.1135418	1.155115
9558	-35.03689	-49.21097	14.17408	0.5596936	0.5763592	0.4186989	4.07958
9564	-40.34517	-57.14283	16.79766	1.699163	0.6529047	0.6527163	1.434858
9570	-34.19381	-51.99709	17.80328	1.509474	0.5901759	0.6430536	0.7608039
9576	-38.21369	-54.58126	16.36758	0.3513358	0.3822125	1.914094	2.207612
9582	-36.32923	-52.79051	16.46128	0.8084988	2.870967	0.3777764	1.496253
9588	-38.02057	-51.99389	13.97332	0.8492945	6.258611	0.4035208	2.400664
9594	-31.6182	-48.14555	16.52735	0.01908233	3.222844	0.4410923	1.82256
9600	-36.92987	-53.1693	16.23942	0.3737185	4.330242	0.4410923	1.493212
9606	-31.87029	-47.59084	15.72054	0.185589	23.85676	0.05130965	0.6470028
9612	-33.25867	-47.78975	14.53108	0.1840152	36.70159	0.03724942	1.180068
9618	-30.64692	-47.70018	17.05326	0.2847176	5.511315	0.1139652	1.327192
9624	-26.41561	-46.13807	19.72245	0.2596196	1.150214	0.06761262	0.8473247
9630	-33.0162	-49.77382	16.75762	2.023049	3.797693	0.04610371	0.6950031
9636	-30.0735	-49.26383	19.19033	0.249229	0.6199135	0.1720323	1.489747
9642	-27.76318	-47.55857	19.79539	0.8683468	0.4920811	0.1009728	0.7907241
9648	-31.13151	-49.5432	18.41169	1.213234	1.459791	0.1230334	0.6333183
9654	-33.13702	-50.31832	17.18131	2.05157	2.170876	0.0754374	0.8523075
9660	-31.86243	-50.10266	18.24024	0.5286413	2.170876	0.07295554	1.302019
9666	-31.33558	-50.41067	19.07509	0.8555503	1.179553	0.09992932	0.6670061
9672	-32.59656	-48.14999	15.55343	1.774172	0.659231	3.711499	0.6670061
9678	-31.87304	-47.84702	15.97399	1.018169	0.3246374	3.62135	1.562591
9684	-28.91435	-47.3864	18.47205	0.4851236	0.3246374	1.505249	0.7348594
9690	-27.95335	-46.24792	18.29457	1.000044	0.7470858	0.4530969	0.8912722
9696	-30.45505	-50.33599	19.88095	0.25737	0.5968176	0.1683437	0.9244469
9702	-29.71337	-47.87369	18.16032	0.1118748	1.470156	0.4724266	1.186045
9708	-30.60486	-47.48728	16.88242	0.5419614	3.599288	0.3492607	1.186045
9714	-28.89379	-45.49072	16.59693	0.1116816	11.85996	0.04300478	1.15031
9720	-32.63167	-48.33204	15.70037	0.04560277	11.85996	0.04300478	1.876254
9726	-31.03382	-47.59533	16.56152	0.2180406	2.554407	0.1554934	2.320272
9732	-34.67496	-51.36582	16.69086	0.09654257	2.554407	0.1554934	2.31527
9738	-33.77767	-53.31985	19.54218	0.2171722	0.9489557	0.1244063	1.031433
9744	-35.0924	-53.4713	18.3789	1.299585	0.9489557	0.1244063	1.107399
9750	-39.0175	-53.98304	14.96555	2.064812	0.6677018	2.794729	0.1152124
9756	-41.46298	-56.76476	15.30178	2.944944	0.6677018	0.9224283	0.1117865
9762	-35.52187	-46.27846	10.75659	3.15413	3.4371	6.780745	0.10158
9768	-37.93558	-47.90398	9.968399	3.331952	3.4371	13.8934	0.2118659
9774	-33.09605	-46.72085	13.6248	2.322844	1.541622	5.385406	0.6989335
9780	-32.7391	-48.20798	15.46888	1.638332	0.6456042	4.061688	0.8435893
9786	-33.6017	-46.46357	12.86187	1.911668	0.9098517	6.791183	1.89005
9792	-34.59407	-52.51736	17.92328	0.670055	0.9098517	1.001122	0.5446053
9798	-32.93014	-51.39991	18.46977	1.406204	0.8362536	0.209822	0.6945097
9804	-32.89937	-49.95662	17.05725	1.511136	0.8362536	0.02025278	2.32303
9810	-28.38797	-46.92641	18.53844	1.320204	0.90103	0.04189002	1.315411
9816	-29.19244	-48.26972	19.07728	1.458953	0.9012306	0.03403642	0.6157616
9822	-37.05224	-54.73112	17.67888	0.3915519	2.975369	0.1797233	1.216228
9828	-28.67641	-47.83608	19.15967	0.1872512	0.8216759	0.1255957	1.48857
9834	-37.42334	-53.94423	16.52089	0.04004126	1.636563	1.653964	1.48857
9840	-33.93768	-49.30939	15.37171	1.551856	1.636563	1.653964	1.199149
9846	-32.29392	-47.93688	15.64297	0.5739751	0.6907004	1.653964	2.320474
9852	-30.05274	-47.07082	17.01808	0.4227113	0.6907004	1.322809	1.665309
9858	-30.01588	-47.86191	17.84603	0.3776206	0.293936	1.322809	1.594045
9864	-28.37612	-48.02726	19.65114	0.8579722	0.1350765	0.4499346	0.9038336
9870	-27.91929	-47.41792	19.49862	1.242699	0.09860575	0.4499346	0.7976562
9876	-25.42177	-44.5406	19.11883	1.62647	0.3024141	0.135163	0.9700523
9882	-28.36074	-48.08672	19.72598	1.156145	0.05749396	0.5359212	0.6426172
9888	-29.11053	-46.92009	17.80956	1.290277	0.449627	0.3589538	1.58615
9894	-27.36381	-46.51265	19.14885	0.2764672	0.449627	0.3621661	1.333243
9900	-30.00991	-49.08734	19.07743	0.1207031	0.449627	0.4787366	1.340633
9906	-32.16435	-50.15579	17.99143	0.08838401	1.626516	0.2705056	1.575151
9912	-28.37607	-46.35646	17.98039	0.3340024	0.5644157	0.1861145	2.2844
9918	-33.13641	-49.25495	16.11854	0.9058934	1.388344	1.689459	1.246966
9924	-32.82341	-51.00463	18.18122	0.482199	1.388344	0.4045699	0.9955815
9930	-29.41865	-46.6445	17.22584	0.8011027	1.903262	0.4045699	1.251192
9936	-29.00395	-46.65884	17.65489	0.439395	1.903262	0.4235936	1.163115
9942	-26.47114	-46.45654	19.9854	0.1261204	0.2969788	0.4235936	0.8744697
9948	-29.20457	-47.13184	17.92727	0.1736137	1.372241	0.2240743	1.780611
9954	-29.57513	-47.90064	18.32551	0.624478	0.6473564	0.2546659	1.645661
9960	-30.71324	-50.06964	19.3564	0.3842355	0.2307669	0.0770364	2.059806
9966	-29.13994	-46.3856	17.24566	0.2733692	1.5747	0.2306632	2.059806
9972	-31.08477	-45.78809	14.70331	1.774193	2.397788	2.561791	0.5561924
9978	-28.24816	-44.86522	16.61707	1.41595	1.868077	0.7870987	0.6335239
9984	-28.88322	-45.71304	16.82982	0.9398817	3.855594	0.3841962	0.4901095
9990	-28.04564	-45.60869	17.56305	0.7619628	1.96084	0.5118087	0.3423039
9996	-29.9374	-47.35137	17.41397	0.2550578	1.96084	0.5118087	1.36011
10002	-29.91489	-45.50839	15.5935	1.269379	0.5641998	3.709758	1.302515
10008	-28.34074	-43.05983	14.71909	1.440009	0.5641998	5.505104	1.428951
10014	-30.72192	-44.97182	14.2499	1.390723	1.047147	5.505104	1.382974
10020	-32.83496	-48.62631	15.79135	1.026299	1.771767	0.9948558	1.630879
10026	-33.10989	-50.26436	17.15448	1.090256	1.771767	0.5237797	0.9324209
10032	-31.6922	-48.42107	16.72887	0.5357203	1.199952	0.5237797	2.022984
10038	-37.80393	-54.70244	16.89851	1.042663	1.546355	0.5070145	1.36491
10044	-34.68096	-51.5119	16.83094	0.9854563	0.9796748	0.7305438	1.58085
10050	-31.77627	-48.17961	16.40334	0.02817817	3.280448	0.7305438	1.58085
10056	-31.24359	-47.33163	16.08804	0.832615	4.992138	0.1768112	1.58085
10062	-28.75919	-46.84002	18.08082	0.5384189	0.9916123	0.3244086	1.469832
10068	-28.94847	-46.02615	17.07768	0.5020465	1.207697	0.3244086	2.056801
10074	-33.88699	-48.66243	14.77544	0.4528579	6.129987	0.475835	2.074512
10080	-32.57917	-48.8822	16.30303	0.01056888	2.467021	0.4931469	2.143098
10086	-30.20582	-49.20579	18.99997	0.1335127	0.7814377	0.5230152	0.893006
10092	-35.02707	-49.54258	14.51551	0.666922	0.8384346	1.619622	2.864533
10098	-32.2224	-48.11169	15.8893	1.738078	0.8030554	2.625798	0.4361534
10104	-28.52537	-46.05227	17.5269	1.532624	0.8030554	0.699486	0.5071023
10110	-32.68938	-50.3021	17.61271	1.743541	0.3381103	0.8426523	0.9451258
10116	-31.20342	-45.07478	13.87136	1.239453	1.540261	1.812455	2.443161
10122	-28.87315	-44.88015	16.007	0.9238914	1.467124	1.974409	1.120593
10128	-34.43132	-46.641	12.20968	1.93661	1.460957	9.708565	1.604244
10134	-30.98456	-45.4659	14.48133	1.024019	1.335605	3.633963	1.717664
10140	-29.5614	-46.98535	17.42395	0.05580731	0.7020151	0.8677281	1.925468
10146	-29.95959	-46.64986	16.69026	0.160572	0.7020151	0.8310628	2.363017
10152	-32.13702	-49.11878	16.98176	1.015122	0.5019939	0.7255307	1.886932
10158	-29.05343	-46.72292	17.66949	1.116813	0.4948425	0.7255307	1.319169
10164	-27.96458	-44.85408	16.8895	0.659807	1.744761	0.7255307	1.319169
10170	-27.03045	-44.84716	17.8167	0.9004599	0.2652132	1.907132	0.882708
10176	-29.91898	-48.02657	18.10759	0.2178912	0.6042328	0.4911362	1.786285
10182	-29.89503	-48.01967	18.12465	0.2008372	0.6042328	0.4911362	1.786285
10188	-30.04009	-47.49617	17.45608	0.561753	1.898622	0.6444815	0.8971755
10194	-27.9211	-45.82923	17.90813	0.6624577	1.674841	0.4727942	0.7012768
10200	-31.58722	-47.34472	15.7575	1.662098	1.759047	1.562357	0.4340919
10206	-27.95764	-46.2455	18.28786	0.7806275	0.5611013	0.5159891	1.246434
10212	-25.11025	-43.73597	18.62571	0.590604	0.3413096	0.6850551	1.246434
10218	-31.58151	-48.19315	16.61163	0.2938375	1.185724	0.6850551	2.113677
10224	-25.80163	-43.23188	17.43025	0.1702657	0.5710318	0.6850551	2.113677
10230	-37.46151	-53.33008	15.86857	0.2711603	3.929017	0.5473677	1.800592
10236	-35.30957	-50.61185	15.30228	0.43467	1.52436	2.203602	1.893889
10242	-28.50624	-46.35762	17.85138	0.01928193	0.8070017	0.3804406	2.052346
10248	-32.99051	-48.8482	15.85769	0.2126241	0.8070017	2.709595	1.938698
10254	-30.12237	-47.37505	17.25268	1.16287	1.983082	0.2583834	1.152967
10260	-30.71436	-47.10457	16.39021	1.088672	1.039708	0.9125477	1.629308
10266	-34.04225	-52.62498	18.58273	1.251788	0.1824351	0.9431428	0.7076898
10272	-30.57257	-48.70774	18.13517	0.4631543	0.3582788	0.3031614	2.133913
10278	-32.54473	-48.53236	15.98763	1.51276	0.4168954	3.98854	0.839808
10284	-31.90891	-47.99614	16.08722	1.059041	2.11718	1.498772	0.7768596
10290	-31.14	-46.72101	15.58101	2.044976	0.8399466	2.469256	0.6622004
10296	-31.15307	-49.23657	18.0835	0.2713054	0.312395	2.75352	0.4610335
10302	-30.43836	-48.66186	18.2235	0.8104236	0.9927062	0.5598974	0.5954968
10308	-30.33547	-46.97993	16.64447	1.616811	0.8401668	1.461871	0.5954968
10314	-32.30987	-47.15863	14.84877	0.7807325	1.32553	1.461871	2.371214
10320	-34.00221	-51.23939	17.23717	0.2748914	1.32553	0.16729	2.309901
10326	-31.16218	-45.7306	14.56842	0.2027584	0.5902259	5.770315	2.309901
10332	-30.82289	-48.06464	17.24174	0.8541981	0.4337073	1.46304	1.390707
10338	-34.48741	-48.80197	14.31455	0.8541981	0.4337073	7.537967	1.960251
10344	-31.29473	-46.78481	15.49008	1.549322	1.182528	0.8993674	1.854986
10350	-36.17119	-50.15581	13.98462	1.413276	2.200071	3.684294	1.363741
10356	-46.60097	-60.94881	14.34784	0.9357284	0.4396014	3.303896	2.620879
10362	-35.64851	-50.23047	14.58196	2.997839	1.603832	1.398803	0.7195388
10368	-39.94226	-55.99565	16.05339	1.037225	0.5696412	3.874296	1.045884
10374	-40.12743	-51.96208	11.83465	2.546267	1.217523	0.9619989	3.445529
10380	-36.74954	-52.43281	15.68327	1.15862	0.5927172	0.9619989	2.374057
10386	-41.12013	-49.19315	8.073025	0.1964441	1.107675	2.333875	6.369593
10392	-32.2477	-47.9514	15.7037	0.1005706	1.107675	2.333875	2.030586
10398	-30.94427	-45.78271	14.83844	0.05387435	1.107675	1.373606	2.982409
10404	-28.20147	-44.98674	16.78527	0.01809759	1.107675	0.678955	2.230987
10410	-30.58277	-46.46034	15.87757	1.003077	1.107675	0.3392984	2.540491
10416	-33.8555	-48.80103	14.94553	1.574705	1.213246	1.795734	1.687356
10422	-42.12465	-52.48106	10.35641	2.714291	1.281692	30.11565	1.01695
10428	-31.25485	-47.54767	16.29282	1.61922	0.2480711	2.590794	1.327617
10434	-28.24697	-45.26016	17.01319	1.593646	1.60621	0.4774853	0.7060034
10440	-31.45703	-48.8671	17.41007	1.525097	1.006681	0.6159963	0.6015519
10446	-29.94637	-45.39293	15.44657	1.623734	1.036743	2.743391	0.9538583
10452	-32.21442	-47.49322	15.27881	0.08197665	1.335418	2.743391	2.062457
10458	-32.4597	-49.37081	16.9111	0.2375212	0.413342	2.743391	1.577232
10464	-30.82479	-49.80398	18.97919	0.002953401	0.413342	0.7069652	1.296655
10470	-32.78891	-50.18261	17.3937	0.003433351	0.9741383	1.261218	1.495234
10476	-29.82821	-47.93809	18.10988	0.007024538	0.4349497	1.261218	1.495234
10482	-26.34417	-44.90441	18.56024	0.01560749	0.4350745	1.261218	1.122113
10488	-28.11184	-45.74273	17.63089	0.03735889	0.5809889	1.115593	1.739246
10494	-33.06243	-53.05206	19.98963	0.4401854	0.1946794	0.1920884	1.333692
10500	-39.40294	-55.30497	15.90203	0.2639218	1.252687	0.8359904	2.432167
10506	-37.04135	-51.92265	14.8813	2.095397	1.252687	1.804063	1.314958
10512	-36.71509	-54.79009	18.075	1.687729	1.132965	0.1648113	0.581387
10518	-30.77841	-48.10356	17.32515	0.5192053	0.5526519	1.857309	1.215353
10524	-31.56949	-48.63259	17.0631	0.5192053	2.672954	0.447097	1.215353
10530	-31.28512	-48.32387	17.03875	1.078204	2.187594	0.1980664	1.438271
10536	-26.78692	-45.83662	19.0497	0.3118778	0.7188778	0.1980664	1.385013
10542	-28.82421	-48.30791	19.4837	0.6829074	0.1275885	0.2785745	1.5297
10548	-34.40716	-52.89308	18.48592	0.3994854	0.3667969	0.6087291	1.545308
10554	-38.69502	-55.2533	16.55828	1.001349	0.5066899	1.896297	1.481067
10560	-33.06674	-49.69676	16.63002	0.2594038	0.9944545	1.559895	1.682568
10566	-41.49084	-53.27376	11.78292	2.254107	0.9512674	21.39239	0.2121274
10572	-35.6116	-50.18814	14.57653	2.34393	0.9512674	3.739415	0.7546731
10578	-34.75776	-50.20667	15.44891	0.630786	0.9512674	3.302705	1.646817
10584	-39.52773	-51.30336	11.77563	2.483366	0.5556765	24.69958	0.9911692
10590	-40.6209	-53.86187	13.24096	1.925318	0.2028519	24.69958	0.791288
10596	-37.92946	-50.5757	12.64623	1.707097	0.5681631	11.55833	1.910708
10602	-35.79432	-48.67013	12.87581	1.600068	2.0176	6.592416	1.525091
10608	-40.78689	-52.45532	11.66843	3.407393	0.618838	8.170342	1.736603
10614	-32.36123	-48.29577	15.93454	0.2047968	1.618728	0.8493071	2.262182
10620	-37.33966	-52.00009	14.66043	1.077957	1.020762	5.540623	1.318496
10626	-37.67311	-49.37204	11.69893	0.399546	1.343424	4.34232	3.679068
10632	-30.64754	-46.76957	16.12204	1.263888	0.7349638	2.29167	1.178641
10638	-37.85281	-49.32546	11.47264	1.129589	2.744907	2.29167	3.380711
10644	-32.00579	-45.80093	13.79514	0.7275634	3.059261	2.29167	2.118046
10650	-31.43375	-47.65831	16.22455	0.827427	6.188758	0.1917946	1.200675
10656	-27.65469	-44.92161	17.26692	0.4514166	2.381262	0.2544755	1.543075
10662	-31.40911	-46.03212	14.62301	0.4500209	0.939327	1.267656	3.024875
10668	-37.80619	-53.10458	15.29839	0.5989766	0.3622986	1.267656	3.024875
10674	-42.00472	-57.7923	15.78758	1.65368	0.6789742	0.7039803	2.101787
10680	-41.98794	-55.27359	13.28565	0.633711	1.43411	1.61436	3.293024
10686	-40.35578	-57.87862	17.52283	0.05435754	0.3132958	0.9737679	2.218094
10692	-41.33487	-57.96254	16.62767	0.02096504	0.3132958	0.8111359	2.906134
10698	-34.55027	-53.7801	19.22984	0.01244417	0.5364062	0.2329277	1.594002
10704	-29.43637	-49.01489	19.57852	0.02766718	0.5364062	0.1619299	1.483399
10710	-29.69521	-48.02781	18.3326	0.2532683	1.634565	0.1076052	1.57713
10716	-30.09359	-48.18798	18.09439	0.2061909	1.89251	0.1380565	1.57713
10722	-30.3385	-47.25641	16.91791	0.2751318	0.6566071	1.918917	1.57713
10728	-30.34819	-47.67309	17.3249	0.5160999	0.6566071	1.918917	1.049511
10734	-32.75631	-48.92941	16.1731	1.405194	0.6566071	1.918917	1.280212
10740	-43.33324	-56.6362	13.30296	2.663185	0.6566071	1.433704	2.60584
10746	-32.38247	-47.95809	15.57562	0.5468569	1.204682	1.433704	2.133019
10752	-36.14757	-51.67733	15.52977	0.9562962	0.6263134	1.829054	2.129499
10758	-36.35929	-53.12081	16.76152	0.873427	3.247939	0.3481299	1.120815
10764	-31.74178	-50.93034	19.18856	0.9661374	0.3557112	0.3088294	0.9441771
10770	-33.20559	-48.75804	15.55245	1.877161	0.5126999	2.724741	1.229762
10776	-30.42478	-46.61771	16.19293	0.2332539	2.384984	2.009406	1.04835
10782	-31.37076	-48.47189	17.10113	0.2222391	1.11935	2.149576	0.9182958
10788	-33.93442	-48.45048	14.51607	1.54468	1.354715	2.149576	1.780199
10794	-29.79289	-46.98004	17.18715	1.54468	0.326842	1.870271	0.6935961
10800	-33.46297	-49.73674	16.27377	0.7029517	2.175886	1.865376	0.540406
10806	-36.1634	-50.97192	14.80852	1.065939	1.50245	1.865376	1.944289
10812	-34.56839	-49.24996	14.68157	0.5617582	2.659333	1.865376	1.918173
10818	-36.46885	-51.73769	15.26884	1.077431	0.7646771	3.207941	1.632992
10824	-38.46592	-54.50259	16.03667	1.544477	0.9475934	0.8988305	1.632992
10830	-33.96451	-52.11437	18.14986	0.4782558	0.9616517	0.573135	1.120034
10836	-34.56579	-47.80321	13.23742	0.6184203	5.970696	4.711031	1.274138
10842	-31.65673	-46.96267	15.30594	0.5934441	5.970696	1.452596	0.6296005
10848	-26.36779	-42.76713	16.39935	0.2948474	0.4453113	2.975531	1.785941
10854	-33.05505	-50.22716	17.17211	1.085735	2.126074	0.38496	0.954405
10860	-31.48239	-46.46172	14.97933	1.10033	2.113457	2.700374	1.170251
10866	-35.89358	-48.455	12.56143	1.690052	2.113457	8.886135	1.307767
10872	-35.23408	-49.09472	13.86064	1.391161	1.135762	7.736949	1.225454
10878	-35.02733	-49.50528	14.47795	1.901834	1.135762	4.551394	0.2499527
10884	-38.20763	-50.20752	11.99989	2.310835	1.061307	20.00234	0.5962588
10890	-38.55387	-48.44676	9.892889	2.823578	1.061307	36.15152	1.206189
10896	-41.56526	-49.32171	7.756456	2.823578	0.5115883	121.4205	1.469202
10902	-47.94498	-54.56107	6.616091	2.78957	7.528923	44.30101	1.561019
10908	-46.89735	-55.4932	8.595857	1.925646	2.741253	69.90068	1.038474
10914	-43.285	-51.083	7.798005	2.378247	0.4915672	69.90068	2.551979
10920	-36.7787	-49.1491	12.3704	0.915417	1.608405	13.18853	1.789966
10926	-33.0958	-46.77855	13.68275	1.664419	1.291084	8.092009	0.9484735
10932	-31.74571	-46.41128	14.66557	0.9638987	1.160251	8.092009	0.7379646
10938	-28.28374	-44.71384	16.4301	0.5087636	0.6856671	2.80015	1.394531
10944	-46.48929	-58.69946	12.21017	2.476606	0.4719247	14.18116	1.549216
10950	-44.19766	-58.05165	13.85398	2.476606	0.2434672	6.496842	1.593929
10956	-39.66429	-57.32152	17.65723	1.246692	0.4344345	0.4167046	1.665234
10962	-38.38113	-56.05718	17.67605	1.024728	0.4586203	0.508143	1.665234
10968	-39.50281	-56.99876	17.49595	1.222158	0.7129363	0.508143	1.368792
10974	-38.32266	-55.65844	17.33578	1.553632	0.5207512	0.508143	1.449335
10980	-36.7458	-52.65552	15.90972	0.4659572	0.7991198	2.071699	1.959027
10986	-37.77096	-52.52022	14.74927	1.512875	0.7991198	2.071699	2.034757
10992	-32.772	-49.12518	16.35318	0.6458172	0.7991198	2.071699	1.520739
10998	-31.29524	-50.25276	18.95752	0.5585474	0.3870065	0.4143959	1.271276
11004	-32.80824	-49.31101	16.50277	0.3508161	0.4883875	4.136976	1.289602
11010	-39.67919	-57.06555	17.38636	1.053538	0.4883875	1.205781	1.201178
11016	-34.94675	-50.77592	15.82917	0.7549915	3.213288	0.3579166	1.909206
11022	-31.45024	-47.69431	16.24407	1.099449	3.213288	0.7881574	0.352334
11028	-27.42738	-44.87654	17.44916	1.201233	3.327679	0.07081767	0.2273152
11034	-34.98498	-51.84039	16.85541	1.201233	6.108975	0.07081767	0.5150569
11040	-28.77536	-48.2627	19.48734	0.6991084	0.7861488	0.1167273	0.7905877
11046	-27.77182	-49.00478	21.23296	0.2146544	0.1470798	0.1167273	0.7369549
11052	-28.75151	-49.26648	20.51497	0.8524562	0.1470798	0.1338908	0.7585653
11058	-34.45803	-50.57726	16.11923	0.5075555	1.651404	0.7173027	2.033077
11064	-38.43829	-55.40722	16.96892	0.553064	2.641777	0.7219715	0.8929301
11070	-34.74929	-51.50269	16.7534	1.418416	4.196668	0.1188668	0.8911318
11076	-32.75334	-49.89106	17.13772	0.03670028	6.673434	0.1218021	1.207445
11082	-35.71907	-51.87276	16.15369	0.3237344	0.7606488	0.5497789	2.780466
11088	-33.42624	-48.39507	14.96883	0.1900902	0.5208347	0.9068088	3.492771
11094	-34.73782	-51.89968	17.16187	0.4109836	0.7314315	0.621843	2.043634
11100	-31.54438	-48.59664	17.05226	0.2829146	2.7908	0.5727904	1.204775
11106	-32.3897	-48.36363	15.97394	1.208438	7.466803	0.1833817	0.817459
11112	-32.97138	-50.16697	17.1956	0.230201	0.770136	1.77187	1.359539
11118	-30.88858	-47.21753	16.32895	0.5490563	0.7162719	3.263709	1.254296
11124	-42.1292	-53.63663	11.50743	2.396197	0.6094875	29.75753	0.9235855
11130	-41.00688	-48.18845	7.181564	2.258591	1.795885	64.52637	2.315814
11136	-37.75445	-49.87628	12.12183	2.426982	1.795885	10.35831	0.9998982
11142	-34.89236	-48.11438	13.22202	1.850984	1.795885	6.171114	1.238233
11148	-31.74826	-48.71912	16.97086	1.218832	0.2494636	3.450522	0.63823
11154	-27.95771	-46.00168	18.04397	0.2608376	0.2771387	1.331808	1.558886
11160	-27.40652	-45.04526	17.63874	0.2420924	0.8350184	0.9610685	1.45342
11166	-26.14109	-43.81472	17.67363	0.993253	0.8203315	0.9610685	0.7121741
11172	-25.51116	-43.86375	18.35259	1.097495	0.6343912	0.5154408	0.7458906
11178	-29.87041	-45.98422	16.1138	1.396712	0.6343912	2.70935	0.9957977
11184	-33.72725	-52.26342	18.53617	0.4610258	0.3824638	0.3613452	1.746131
11190	-36.50642	-56.62536	20.11894	0.538575	0.182	0.09775546	1.451809
11196	-34.79543	-54.48209	19.68665	1.294539	0.2156275	0.1506364	0.8959882
11202	-33.7504	-46.78755	13.03715	1.63325	3.634125	5.699522	0.9053181
11208	-31.13734	-47.33152	16.19418	1.015172	2.063708	0.6206818	1.539126
11214	-35.60943	-52.75809	17.14866	0.751757	2.336526	0.2371583	1.458107
11220	-33.39051	-50.86189	17.47138	0.5227239	2.5781	0.4186217	0.9170998
11226	-28.21436	-46.64326	18.42891	0.2532455	1.32586	0.3532935	1.12209
11232	-37.70986	-53.99227	16.28241	0.1291275	6.465857	0.1986516	1.631953
11238	-28.13298	-45.32465	17.19167	0.1152817	0.6858851	2.446572	1.232184
11244	-33.64061	-49.71433	16.07372	1.799729	0.5191787	2.446572	0.928953
11250	-38.16216	-50.42279	12.26063	1.262595	1.288845	7.321701	2.401379
11256	-37.83123	-50.44793	12.6167	1.923358	1.002514	13.63129	1.17611
11262	-36.32179	-51.52371	15.20192	1.16406	0.8835968	2.114897	1.884091
11268	-27.67357	-46.7473	19.07373	0.4477799	1.052678	0.276994	0.5718827
11274	-28.4261	-46.58191	18.15581	0.2396571	0.8823191	0.276994	1.79399
11280	-29.22688	-47.51714	18.29026	0.1017197	2.068334	0.3555218	0.9093703
11286	-35.02671	-47.89462	12.86791	1.190472	1.218494	5.416429	2.378747
11292	-35.0642	-50.10026	15.03606	1.120414	7.673574	0.5134094	1.091833
11298	-33.67465	-48.40622	14.73157	0.2866965	7.673574	0.1442699	2.504191
11304	-32.3703	-47.97371	15.60341	0.3423931	0.9067074	1.284887	2.504191
11310	-29.24712	-46.72811	17.481	0.4465128	0.9067074	1.707002	0.7633716
11316	-32.45229	-48.73243	16.28014	0.8371218	1.668512	1.282957	1.251887
11322	-32.41971	-48.67146	16.25176	1.122308	1.710713	1.282957	0.994054
11328	-31.7523	-48.80662	17.05433	1.424156	2.267662	0.2845488	0.8665958
11334	-29.51862	-47.76981	18.25119	0.4165768	1.686681	0.2845488	1.0322
11340	-28.40777	-48.71906	20.3113	0.1048732	0.2821731	0.2845488	0.9011251
11346	-31.54615	-49.18421	17.63806	0.02378805	4.435865	0.2845488	0.8069819
11352	-38.1521	-52.61528	14.46318	1.09235	8.044072	1.147943	0.2563973
11358	-29.71552	-49.2064	19.49088	0.3473239	0.6753001	0.2157815	0.9722827
11364	-30.60255	-47.85943	17.25688	1.015726	1.65526	0.3952519	1.193604
11370	-28.56153	-45.27919	16.71766	0.3724111	0.4575088	2.820359	1.535551
11376	-31.25306	-45.87093	14.61787	1.244381	0.4152857	3.844574	2.156599
11382	-28.86657	-45.44189	16.57533	1.621064	0.9976357	1.322101	0.6119747
11388	-32.56852	-48.2891	15.72059	0.4961243	0.9976357	2.893267	1.636323
11394	-25.35169	-42.27597	16.92429	0.5544394	1.257491	0.9313646	1.469497
11400	-28.50069	-43.87811	15.37742	0.2417841	3.030257	2.872964	1.115736
11406	-30.85848	-47.18069	16.32221	0.058222	0.7128091	2.795937	1.778676
11412	-29.66962	-45.56538	15.89576	0.2723475	4.52563	0.8286609	1.364927
11418	-32.00594	-49.7484	17.74246	0.4015265	1.649526	0.8286609	0.5836391
11424	-34.0682	-50.39919	16.33099	1.643754	0.931983	0.8286609	1.41016
11430	-35.52614	-50.46818	14.94204	0.3934394	1.16	0.8286609	2.996098
11436	-28.63607	-43.94979	15.31372	0.1453113	2.345423	1.289726	2.149104
11442	-41.33437	-58.05581	16.72144	1.775637	3.588501	0.08736042	0.9096885
11448	-31.10448	-47.77491	16.67043	1.706019	0.8663477	1.297971	0.498224
11454	-31.57577	-48.05958	16.48381	1.412168	1.134033	1.529877	0.6404589
11460	-34.76075	-48.60061	13.83986	2.349389	0.7597321	7.230576	0.7773587
11466	-38.98069	-54.4348	15.45412	2.09192	0.7597321	1.799913	1.257939
11472	-39.1919	-56.87435	17.68245	1.516002	0.7597321	0.4321944	1.015698
11478	-31.84226	-48.1669	16.32464	1.390603	1.598974	1.260885	0.6831274
11484	-39.74958	-52.45076	12.70118	2.742394	0.7325704	5.072613	1.86043
11490	-36.15105	-53.19839	17.04734	2.593156	0.3768455	0.6951487	0.3371974
11496	-28.35903	-48.47293	20.1139	0.1764348	0.3101171	0.3740559	0.7217964
11502	-30.91573	-50.07126	19.15553	0.2805035	0.1602713	0.3740559	1.816659
11508	-28.28508	-46.78265	18.49757	0.444407	0.5218664	0.2361834	1.816659
11514	-29.06388	-48.62428	19.5604	1.643897	0.05435252	0.2361834	1.028235
11520	-24.94521	-45.70768	20.76247	0.6350172	0.05435252	0.04095777	1.482797
11526	-27.82396	-48.89425	21.07028	0.7527956	0.04665431	0.005458201	1.079448
11532	-26.72469	-48.08971	21.36501	0.3070146	0.04665431	0.005458201	1.213502
11538	-31.68094	-52.72971	21.04878	0.5886392	0.04665431	0.06856678	1.213502
11544	-26.78564	-46.39562	19.60998	0.1710411	0.274262	0.1819385	1.680961
11550	-26.43431	-45.97489	19.54059	0.1024995	0.274262	0.2053156	1.728174
11556	-32.77728	-49.478	16.70072	0.09791267	0.6321542	0.7362734	2.526484
11562	-30.41203	-48.16392	17.7519	0.2781777	0.6321542	0.7362734	1.717903
11568	-34.76002	-50.42448	15.66446	0.0959746	1.507044	0.5417039	2.801264
11574	-32.90734	-48.83632	15.92897	0.1172419	2.294474	0.8227793	2.078518
11580	-32.8966	-47.08278	14.18618	0.4223324	11.69349	0.1314193	2.377644
11586	-28.83224	-46.23898	17.40674	0.1783208	6.995984	0.08953967	0.8706049
11592	-29.72227	-48.37462	18.65234	0.03452178	1.930004	0.1456081	1.237852
11598	-36.50353	-52.92413	16.4206	0.3876166	1.202588	0.3500925	2.518243
11604	-42.3514	-54.17465	11.82325	3.086209	7.087773	1.874338	1.161409
11610	-45.14465	-56.24671	11.10206	1.45571	31.47595	1.874338	1.025947
11616	-27.75719	-46.13086	18.37367	0.480463	1.881874	0.1745604	1.025947
11622	-30.87608	-47.54568	16.6696	0.2430096	1.291814	1.941371	1.271455
11628	-44.03549	-57.94501	13.90952	1.763401	1.684453	1.941371	1.962817
11634	-34.92714	-51.22802	16.30088	0.509632	4.097988	0.6476727	1.131177
11640	-33.12751	-49.97656	16.84905	0.9296582	0.7202306	1.854562	1.066566
11646	-30.92264	-46.82359	15.90095	0.4229113	0.6756787	1.854562	2.180622
11652	-30.4944	-46.1811	15.6867	0.7492945	2.051384	1.893338	1.260665
11658	-28.20913	-44.95541	16.74628	0.5981611	2.021971	0.9747709	1.107593
11664	-28.30648	-46.06771	17.76122	1.099427	1.021475	0.5667335	0.8265688
11670	-31.80355	-47.5018	15.69824	1.099427	6.522665	0.5154173	0.5097896
11676	-34.3565	-54.50696	20.15046	0.6438963	0.3544357	0.1671299	0.533719
11682	-36.52357	-52.5037	15.98013	2.537037	0.6564219	1.423686	0.4118461
11688	-30.94196	-47.17703	16.23507	1.580642	3.778193	0.2834096	0.2460471
11694	-31.45591	-49.79482	18.33891	1.603669	0.2858206	0.599671	0.3106006
11700	-33.62575	-49.43048	15.80473	3.297899	0.9958543	0.08271201	0.06869898
11706	-40.96314	-57.52499	16.56185	4.110876	0.1540174	0.4401593	0.5308928
11712	-35.73027	-52.53776	16.80749	2.40915	0.8367665	0.5045649	0.3184611
11718	-33.10648	-47.04429	13.9378	2.022796	3.352764	2.266898	0.22464
11724	-29.845	-49.13912	19.29412	0.9940744	0.3261854	0.2960385	0.2408533
11730	-28.81199	-47.54549	18.7335	0.8652377	1.060379	0.1199605	1.094492
11736	-37.34501	-55.81231	18.4673	0.04695976	1.024651	0.1627079	1.835015
11742	-30.13025	-48.30987	18.17962	1.065398	1.481182	0.1476655	0.996303
11748	-28.21888	-46.72267	18.50379	0.6234919	1.888646	0.1386323	0.8616661
11754	-31.3849	-49.35533	17.97044	0.4233499	3.055663	0.1386323	1.01898
11760	-32.84496	-48.99225	16.14728	0.259252	3.055663	0.667722	1.723053
11766	-28.5951	-46.4773	17.88219	0.8155559	1.889902	0.1918347	1.117072
11772	-28.00056	-47.0303	19.02973	0.7359644	0.7116271	0.084295	1.4025
11778	-31.35829	-48.45629	17.098	0.5912537	3.270267	0.4435547	0.8693591
11784	-31.79351	-48.54388	16.75038	0.1447835	9.309217	0.09138892	1.120041
11790	-32.2718	-49.90776	17.63597	0.338588	0.8513158	0.05485341	2.591512
11796	-34.9319	-52.28152	17.34962	1.077056	4.648977	0.07440324	0.5198831
11802	-38.87694	-51.22409	12.34715	1.621178	6.793363	4.54464	1.053063
11808	-38.34769	-51.19672	12.84903	1.119298	6.793363	4.54464	1.053063
11814	-37.61491	-49.45892	11.84401	1.119298	2.116208	2.48402	3.297281
11820	-31.5035	-48.39879	16.89529	0.6271462	0.5529232	0.5673567	2.289609
11826	-32.12466	-49.31086	17.18621	0.4126304	0.9786453	0.5673567	1.892644
11832	-37.05859	-51.70445	14.64585	0.7947871	4.821091	0.9887617	1.712017
11838	-40.71151	-54.22695	13.51545	1.441323	4.821091	3.06196	1.080294
11844	-41.53925	-54.47399	12.93474	2.089379	4.137307	2.986182	1.234366
11850	-38.29524	-54.28722	15.99198	1.932095	0.44297	2.986182	0.3369576
11856	-37.54354	-52.9677	15.42416	0.07802571	0.9636664	2.966622	2.125784
11862	-36.09498	-52.49786	16.40287	0.03049249	0.9636664	1.907543	1.862807
11868	-29.94979	-47.96153	18.01175	0.3833909	0.9636664	0.599889	1.284047
11874	-35.00811	-50.39401	15.3859	0.3815743	1.047395	1.183985	2.579562
11880	-28.78738	-44.60684	15.81945	1.488171	0.8803482	2.258423	1.112294
11886	-28.53471	-46.03134	17.49663	1.494012	0.8803482	0.5902088	0.8028628
11892	-32.94326	-50.03506	17.0918	0.6249948	4.676172	0.1605003	1.051154
11898	-34.5651	-50.72866	16.16355	2.631207	2.569922	0.1734837	0.6150065
11904	-33.69825	-51.0495	17.35125	1.761092	1.22351	0.3948374	0.5617105
11910	-26.4648	-45.49826	19.03346	0.9184622	0.8364081	0.1605282	0.8113172
11916	-29.08361	-48.49331	19.4097	0.8088636	0.4408332	0.3162453	0.561908
11922	-28.64113	-46.79079	18.14966	0.2118213	1.043907	0.3162453	1.635386
11928	-30.25387	-47.58745	17.33358	0.2328295	1.833915	0.3162453	1.767019
11934	-29.94061	-46.64851	16.7079	0.1854804	3.183141	0.3162453	1.767019
11940	-28.75158	-45.91015	17.15857	1.005424	2.208976	0.3162453	1.139613
11946	-31.86509	-49.74969	17.8846	1.741284	0.6885054	0.08933475	1.514605
11952	-29.51054	-46.15143	16.64089	0.7082154	0.6885054	2.116323	1.337971
11958	-32.75233	-46.90277	14.15044	0.2215242	1.197084	1.394334	3.234944
11964	-36.20342	-49.07324	12.86982	1.048262	1.197084	2.956418	2.978235
11970	-35.32519	-49.90291	14.57772	1.881016	0.6291877	5.792383	1.033004
11976	-33.66947	-48.30889	14.63942	0.6107589	0.977291	4.159402	1.989691
11982	-32.40531	-48.18383	15.77853	0.8728955	1.626888	2.358964	1.077184
11988	-30.30743	-47.0054	16.69797	0.3321934	1.626888	1.708616	1.077184
11994	-29.44719	-47.18005	17.73287	0.6690123	0.4003266	1.272646	1.316865
12000	-34.37702	-51.73127	17.35424	0.8782983	0.4003266	1.699076	1.19424
12006	-31.69101	-49.87804	18.18703	0.8329543	0.505293	0.6396519	1.205643
12012	-29.91005	-47.48019	17.57014	0.8296365	0.7311244	0.9099799	1.178158
12018	-34.18697	-51.6545	17.46753	0.4216979	0.3998412	0.2193151	2.665075
12024	-35.96795	-48.66698	12.69903	0.4357215	1.064331	3.119245	3.473051
12030	-36.45437	-50.02796	13.57359	0.9569384	4.369121	4.244412	1.197101
12036	-33.26184	-48.17193	14.91009	1.525714	1.48188	3.65366	0.8270092
12042	-31.66046	-47.20478	15.54432	0.2303512	0.6800997	4.777646	1.736118
12048	-31.37284	-50.56983	19.19699	0.4830245	0.5853284	0.1710183	1.345206
12054	-29.82651	-48.47306	18.64656	0.4041579	1.303676	0.1710183	1.227029
12060	-30.45356	-48.35304	17.89948	0.5787879	2.638169	0.1710183	1.008137
12066	-37.21296	-54.24425	17.03129	1.518875	2.703968	0.1522087	0.9684556
12072	-38.30789	-51.137	12.82911	1.639816	24.65308	0.5230449	0.2781855
12078	-30.61422	-44.97649	14.36228	0.3515946	31.88337	0.01105593	1.422009
12084	-30.50543	-45.41848	14.91305	0.7436109	24.35352	0.03804683	1.007688
12090	-27.5624	-44.99426	17.43187	1.328769	3.716513	0.04751308	0.7616606
12096	-31.1249	-50.17104	19.04614	1.116329	1.228125	0.04751308	0.6010667
12102	-31.28268	-48.0893	16.80662	0.5445401	8.023092	0.04751308	1.103883
12108	-27.54902	-44.95261	17.40358	0.3911568	3.827355	0.04820567	1.591886
12114	-31.17988	-48.4548	17.27493	1.112989	3.260203	0.1978404	0.6803538
12120	-32.80504	-49.40747	16.60243	0.1967131	3.41428	0.0409628	2.385393
12126	-30.63526	-48.2688	17.63353	1.151528	1.112931	0.02181577	1.995892
12132	-29.06142	-46.21046	17.14904	0.9259773	6.121485	0.01354742	0.8819146
12138	-32.21908	-48.80346	16.58438	0.9496098	2.487953	0.6884564	1.004583
12144	-27.61794	-46.6661	19.04816	0.3236317	0.610325	0.3976073	1.100714
12150	-27.24456	-44.90663	17.66206	0.8890599	0.5193367	0.5956594	1.602156
12156	-29.5633	-46.51812	16.95483	0.8638388	3.169521	0.1512811	1.429884
12162	-43.58815	-56.95238	13.36423	0.8368919	0.4152396	0.02148089	5.213665
12168	-31.69183	-48.9659	17.27407	1.529263	2.545413	0.1764676	0.5967999
12174	-31.6909	-47.52361	15.83271	1.772797	6.779926	0.08441606	0.2303836
12180	-30.87188	-49.23941	18.36753	0.8097214	1.95784	0.08441606	1.000645
12186	-27.30441	-44.3748	17.0704	0.28834	9.03505	0.08216991	0.6897235
12192	-31.75187	-48.43724	16.68537	0.09265798	10.80023	0.08216991	1.049779
12198	-27.52556	-46.76424	19.23868	0.7131829	0.7120111	0.02115105	1.480633
12204	-27.79511	-46.7645	18.96939	0.3049366	1.546636	0.1038735	1.084022
12210	-35.38968	-50.15447	14.76479	1.260433	1.546636	1.738283	1.875293
12216	-30.24906	-47.42452	17.17546	1.7525	1.943591	0.2209227	0.3237707
12222	-29.57481	-48.96628	19.39146	0.5774659	0.1235822	0.9444992	0.8092714
12228	-25.19496	-44.90608	19.71111	0.06598989	0.1235822	0.674762	1.301388
12234	-27.3404	-45.79339	18.45299	0.05169115	0.3717226	0.5942365	1.824113
12240	-32.23156	-46.92257	14.69101	0.3282571	0.8750694	2.001181	2.791284
12246	-30.4526	-47.19299	16.74039	0.6887917	0.9545141	0.7743434	1.834803
12252	-29.76996	-46.91062	17.14066	0.890431	0.9545141	1.488968	0.7612729
12258	-28.93003	-45.97634	17.04631	1.272584	0.7051476	1.488968	0.7612729
12264	-32.56051	-48.76944	16.20893	1.495713	1.207999	1.488968	0.2521415
12270	-34.06756	-51.00231	16.93475	2.279168	0.449024	0.9201913	0.3135154
12276	-33.6885	-52.41161	18.72311	0.4206103	0.416546	1.054746	0.7391008
12282	-29.96991	-47.22663	17.25672	0.9822235	0.416546	2.397502	0.7207196
12288	-25.96069	-44.80954	18.84884	0.2225005	0.296571	1.051817	1.101771
12294	-30.72034	-48.93343	18.2131	0.2976802	0.296571	1.715715	1.13357
12300	-29.11035	-45.77241	16.66206	0.9132625	0.3935948	1.715715	1.700573
12306	-36.97463	-52.17801	15.20339	1.533922	1.014336	1.715715	1.700573
12312	-35.16509	-49.89706	14.73196	1.521856	1.029544	2.414101	1.747312
12318	-29.70527	-46.09133	16.38605	1.450958	0.5545751	2.805163	0.674242
12324	-33.07885	-48.77379	15.69494	0.1797117	2.68423	0.7260663	2.141435
12330	-30.46869	-44.8353	14.36662	0.4958147	2.68423	1.847749	2.169971
12336	-29.03134	-44.18061	15.14928	1.107462	1.143989	1.847749	1.889984
12342	-30.77677	-49.09104	18.31427	0.489533	0.4251562	1.129087	1.034232
12348	-27.01229	-44.07282	17.06053	0.6828779	1.020999	1.322757	1.1358
12354	-32.4764	-47.82021	15.34381	0.2649382	6.649612	1.322757	0.9555119
12360	-30.98922	-45.06362	14.0744	0.4300403	2.910177	3.319105	1.862526
12366	-32.12546	-45.2916	13.16614	0.8292747	3.14946	3.319105	2.134808
12372	-25.97231	-45.66728	19.69498	0.8717968	0.2039555	0.3793463	0.700559
12378	-25.06424	-44.95465	19.89041	0.3085794	0.1807873	0.3793463	1.180978
12384	-29.48858	-48.18213	18.69355	0.1258528	1.12456	0.2112565	1.437457
12390	-29.39487	-49.97619	20.58132	0.004214174	0.1245045	0.4292429	0.9047977
12396	-24.96458	-44.59992	19.63534	0.07525205	0.1245045	0.8467269	1.177124
12402	-32.16837	-47.02444	14.85606	2.115465	0.4815433	4.221043	1.177124
12408	-30.48518	-47.7645	17.27932	0.01371572	4.007052	0.5721051	0.7615892
12414	-33.57477	-49.46718	15.89241	0.8599119	4.431637	0.5721051	1.18418
12420	-38.20979	-54.74937	16.53958	1.428657	4.431637	0.2037441	0.6660025
12426	-40.40914	-54.67192	14.26278	1.409913	2.587963	3.384436	1.054977
12432	-36.7863	-52.2528	15.4665	1.738484	1.598323	0.6051102	1.768859
12438	-34.4185	-49.06989	14.65139	0.333641	1.598323	0.6051102	3.170633
12444	-35.43172	-51.72563	16.29391	1.108068	0.4730388	2.414667	1.425019
12450	-36.24993	-49.97929	13.72937	0.8365289	0.4730388	2.414667	3.256258
12456	-37.36835	-52.63466	15.2663	0.9939428	1.062758	2.133798	1.823834
12462	-34.43746	-50.12605	15.68858	0.375709	1.062758	2.133798	1.957061
12468	-31.81176	-47.49684	15.68508	0.1186573	0.9377476	1.982822	2.266611
12474	-32.29492	-46.53313	14.23821	1.641913	0.9377476	3.970044	1.625539
12480	-29.18782	-47.09728	17.90946	0.4064869	0.9377476	0.425858	1.584241
12486	-35.79801	-51.1673	15.36929	1.108161	4.408034	0.434713	1.584241
12492	-31.57711	-48.65303	17.07592	0.3816209	2.77326	0.434713	1.299244
12498	-30.8255	-49.02665	18.20115	1.071933	2.062337	0.08899934	0.8000701
12504	-27.13941	-47.29139	20.15197	0.4244383	0.3644939	0.08899934	1.17708
12510	-26.01774	-44.9653	18.94755	0.5965788	0.4155641	0.4401598	1.160412
12516	-26.99608	-44.60992	17.61384	0.09633773	2.518219	0.2698718	1.468695
12522	-27.99162	-45.10556	17.11395	0.2958976	1.502137	0.2856976	2.073134
12528	-31.88963	-48.92562	17.03599	0.1598972	1.891805	0.2666493	2.073134
12534	-28.97398	-46.55126	17.57728	1.075977	1.048463	0.2490491	1.538138
12540	-35.54555	-49.7632	14.21764	1.912426	1.048463	5.293342	1.006728
12546	-33.66729	-46.0935	12.42621	0.08981217	2.05508	5.293342	2.989105
12552	-26.43571	-43.34335	16.90764	0.2112598	1.053759	1.06091	1.768478
12558	-29.3107	-46.3726	17.0619	0.07073327	0.4116796	2.145617	1.804107
12564	-30.55953	-48.87518	18.31565	0.009194431	0.9778253	1.03059	0.8533367
12570	-34.40223	-50.83151	16.42928	0.05975686	4.287514	0.4241377	1.6175
12576	-34.7365	-47.8644	13.1279	0.5127464	0.9460556	8.055844	2.436161
12582	-32.10304	-47.54577	15.44273	0.3369299	0.8234429	1.471839	2.574105
12588	-31.44948	-49.52235	18.07287	0.09456342	0.8324182	0.6049678	1.564028
12594	-28.86288	-46.47152	17.60864	0.611392	1.097563	0.3937552	1.583411
12600	-28.298	-44.30546	16.00746	0.379099	1.550658	0.3937552	2.555129
