Iteration	Posterior	Likelihood	Prior	rate_log_sd	rate_loss	rate_neo	tree_length
0	-27.08977	-47.22751	20.13774	0.4804724	0.2249988	0.3531487	0.448864
6	-37.76989	-52.92764	15.15775	2.273831	7.714382	0.09911668	0.2724711
12	-33.86357	-51.86693	18.00335	1.436334	0.8357316	0.3806185	0.7430097
18	-34.99005	-52.11739	17.12733	2.185085	0.8357316	0.3806185	0.2385237
24	-34.44857	-48.85576	14.40718	2.185085	1.406871	1.752588	0.08355523
30	-35.2811	-49.87684	14.59574	1.84774	1.353564	3.792383	0.8769719
36	-44.16834	-57.98381	13.81547	3.097738	1.035253	3.792383	0.5301624
42	-40.43468	-55.12906	14.69438	2.146829	3.38711	1.283796	0.5022359
48	-36.64396	-51.25247	14.60851	1.525277	3.38711	1.740743	1.063541
54	-32.57967	-47.7299	15.15023	1.362858	4.552767	0.9606793	0.9183918
60	-32.02268	-48.90914	16.88645	0.4562813	0.6122887	1.32402	1.808998
66	-28.84955	-47.27986	18.43031	0.3971905	0.4253905	0.1442627	2.193484
72	-35.97069	-50.53114	14.56045	0.6031331	0.9395408	9.155343	1.243483
78	-27.81838	-44.73697	16.91859	0.7208626	0.9395408	0.9024748	1.593984
84	-28.19955	-45.00482	16.80527	0.7288817	1.482321	1.283703	0.9933095
90	-32.41417	-46.49847	14.0843	0.2789684	1.482321	6.174789	1.919556
96	-30.32705	-47.15592	16.82886	1.192865	3.465204	0.2122104	0.990198
102	-33.0693	-48.54917	15.47988	1.41614	3.465204	1.130794	0.3603884
108	-31.69376	-50.24633	18.55257	1.689599	0.4388584	0.2803355	0.3343931
114	-28.4905	-48.60032	20.10982	0.4572144	0.1112341	0.3118817	1.201698
120	-34.31615	-52.04996	17.73381	0.7588998	0.0983107	3.524889	0.8872057
126	-25.42965	-46.00929	20.57964	0.1537666	0.1401625	0.3264286	0.9049692
132	-28.19075	-46.59977	18.40902	0.8030162	1.163928	0.3017727	0.8345353
138	-28.48054	-44.69359	16.21305	0.4401126	1.723689	0.3017727	2.436213
144	-32.3784	-46.77478	14.39639	0.4555952	2.644077	0.2954699	3.230826
150	-29.99743	-46.28775	16.29032	1.099898	2.644077	0.4869265	1.327893
156	-31.29676	-48.75813	17.46137	1.077186	1.76098	0.4869265	0.4175356
162	-31.84626	-49.28295	17.43668	1.628042	1.76098	0.2295867	0.6443334
168	-40.48506	-53.26279	12.77773	1.628042	14.2993	1.641406	0.6279232
174	-33.04782	-47.84833	14.80051	1.000945	3.240319	2.5654	0.9950317
180	-33.95889	-49.89575	15.93686	0.3915675	3.08607	0.6792926	1.758089
186	-27.70336	-45.748	18.04465	1.19535	2.096903	0.03148837	1.106967
192	-26.65074	-44.87374	18.223	0.8977501	2.761207	0.02756019	0.9071745
198	-29.94532	-48.18737	18.24205	0.4539508	2.146966	0.02756019	1.536956
204	-37.90085	-52.98452	15.08367	1.580182	3.494121	0.2293824	1.987956
210	-40.1123	-58.20952	18.09722	1.433851	0.8318064	0.02156145	1.68165
216	-37.39463	-51.37681	13.98218	0.8501531	4.119194	2.059564	1.729917
222	-40.11997	-51.845	11.72503	1.645276	2.750367	3.529743	2.589762
228	-35.90439	-52.25773	16.35335	0.7719029	0.9238348	1.554674	1.567554
234	-29.05768	-46.58576	17.52808	1.547054	0.9958837	0.4894357	0.7346802
240	-38.45142	-54.37163	15.92021	1.272576	0.7361755	2.124324	1.40919
246	-35.03807	-49.38052	14.34245	0.07272904	0.7361755	0.8607528	3.776687
252	-32.33829	-47.56847	15.23018	0.393904	5.452815	1.496012	1.091178
258	-30.81232	-46.65642	15.8441	0.9346557	3.179618	1.220879	0.8832816
264	-32.03601	-49.56434	17.52834	1.36365	0.3938475	1.220879	0.9214778
270	-30.62718	-48.76424	18.13706	0.8172305	0.3938475	0.2541272	1.929887
276	-27.25723	-47.3533	20.09607	0.4256287	0.3938475	0.07321181	1.235553
282	-27.82588	-48.23207	20.4062	0.3142931	0.2619382	0.07372187	1.310373
288	-29.5133	-48.21447	18.70116	0.3883716	1.47151	0.1387598	1.176935
294	-28.31731	-47.02648	18.70917	0.05795188	1.48683	0.04337103	1.736888
300	-29.81982	-46.85961	17.0398	0.02674027	1.48683	0.300398	2.280759
306	-29.62373	-48.0802	18.45647	0.04241599	1.48683	0.300398	1.27303
312	-34.13148	-48.9869	14.85542	0.5126616	1.48683	0.3323501	3.27489
318	-30.21289	-48.12462	17.91173	0.2285132	0.2671306	0.2806718	2.590255
324	-30.92467	-48.14916	17.22449	0.2451556	1.134603	0.4754667	1.978357
330	-27.30051	-43.54213	16.24162	0.04030797	0.7399905	1.529793	2.294277
336	-26.70775	-44.75073	18.04298	0.1378109	0.7399905	0.6653519	1.573492
342	-28.7677	-46.65035	17.88265	0.4793527	1.288933	0.6653519	0.960005
348	-35.07653	-52.20559	17.12906	1.043147	1.808417	0.6532124	0.7573868
354	-31.02679	-47.43511	16.40833	1.956521	1.624251	0.5450975	0.8702446
360	-32.40757	-49.80042	17.39285	0.09252665	1.15177	0.9503773	1.518596
366	-29.44957	-46.42127	16.9717	0.7466801	1.15177	0.7449684	1.518596
372	-32.73107	-49.18497	16.4539	0.1467113	1.15177	0.9276149	2.145765
378	-29.85075	-45.63069	15.77994	0.08307721	1.438164	1.501459	2.145765
384	-29.96957	-45.2891	15.31953	0.02436594	1.148578	2.851638	2.145765
390	-38.52992	-51.38923	12.8593	0.276722	1.223042	1.761795	3.790872
396	-32.17411	-48.78605	16.61194	2.131076	2.183358	0.1999446	0.8752258
402	-32.15071	-49.06139	16.91068	0.007733059	1.439128	2.101679	1.08396
408	-26.74782	-45.322	18.57418	0.01861658	0.5114018	0.4877878	1.702608
414	-30.3356	-45.84069	15.50509	0.0295429	3.871809	1.224343	1.702608
420	-34.27435	-49.41691	15.14256	0.2394797	2.266702	1.224343	2.261137
426	-26.41232	-44.76329	18.35097	0.6371267	0.3129721	1.224343	0.9953429
432	-30.05681	-46.62895	16.57214	0.1951218	1.724353	2.474161	0.822364
438	-27.23691	-44.54678	17.30986	0.6301912	0.8801055	1.161539	1.211448
444	-36.66587	-53.35186	16.68599	2.373285	0.4341695	1.105125	0.7457028
450	-35.12097	-49.89656	14.77558	2.563787	1.458761	1.22106	1.234659
456	-31.0072	-49.91631	18.90911	0.7458928	0.530334	0.4377129	0.8564277
462	-35.7623	-53.28222	17.51992	1.116163	0.6204222	0.4662493	1.578884
468	-28.59057	-45.73141	17.14084	0.1478793	0.2902734	0.730257	2.607726
474	-27.5564	-43.85162	16.29522	0.1744146	1.596674	0.7009638	2.17476
480	-31.38108	-48.56607	17.18499	1.184978	1.596674	0.364581	1.197267
486	-28.61212	-45.892	17.27988	0.1782722	0.9723593	0.7869832	1.791651
492	-31.74971	-46.71501	14.96529	0.1362561	1.438485	0.7869832	3.028371
498	-28.62346	-47.02278	18.39931	0.02736835	0.491343	0.7869832	1.542203
504	-28.6746	-47.70149	19.02689	0.2814725	0.3634447	0.7869832	1.006078
510	-32.50461	-48.20374	15.69913	0.6264907	4.8018	0.7869832	1.208868
516	-32.51649	-49.46923	16.95274	0.009280649	4.8018	0.3709414	1.208868
522	-36.9454	-52.96741	16.02201	0.03774623	9.150414	0.1618372	1.591574
528	-31.78344	-49.99442	18.21098	0.5510669	1.577858	0.3300684	0.9038156
534	-28.38851	-47.75113	19.36262	1.586734	0.3105256	0.1076643	0.8408018
540	-27.58224	-48.51271	20.93047	0.8959883	0.03802325	0.09919716	0.2223848
546	-26.15865	-46.98291	20.82425	1.112154	0.03802325	0.09919716	0.2767343
552	-30.22867	-51.30613	21.07745	0.7395656	0.03802325	0.05638922	1.146446
558	-29.35087	-49.00867	19.65779	0.3220965	0.1663943	0.1043877	1.949128
564	-27.53263	-48.61236	21.07973	0.1512831	0.1663943	0.03835423	1.26098
570	-29.91158	-51.53275	21.62117	0.4356402	0.06524928	0.03640125	0.8714175
576	-29.32333	-51.00261	21.67928	0.1280889	0.05319182	0.06181547	1.061769
582	-26.58676	-47.00496	20.41821	0.02956257	0.1626451	0.04449006	1.829974
588	-24.99603	-46.56355	21.56752	0.4317294	0.02133199	0.04449006	1.093298
594	-26.11585	-47.0183	20.90246	0.9468513	0.07996339	0.01591482	1.072227
600	-30.287	-50.91406	20.62705	0.1988933	0.417708	0.1209998	0.578026
606	-30.63716	-48.79203	18.15486	0.9416739	0.8205187	0.38434	1.128696
612	-27.62783	-47.55435	19.92653	0.5658004	0.3355014	0.1291545	1.160207
618	-35.7333	-52.77029	17.037	1.462977	0.3950819	2.122015	0.5371001
624	-35.90899	-51.85137	15.94239	1.528499	0.4301168	3.717955	0.9519215
630	-38.31328	-48.99499	10.68171	1.852001	1.790562	19.14834	1.789934
636	-34.23841	-51.16911	16.93071	0.37827	0.2308592	4.000138	1.397086
642	-25.66547	-45.60738	19.94191	0.2966115	0.1683907	0.5946738	0.8093597
648	-34.78456	-51.69151	16.90695	0.6884404	0.1942493	5.528415	0.8093597
654	-36.83952	-52.10573	15.2662	0.8008183	1.310609	5.528415	0.7320036
660	-30.5508	-47.63608	17.08528	0.7987569	1.310609	0.9453109	1.08663
666	-33.55884	-49.48581	15.92697	1.460071	0.2874126	3.967861	1.225637
672	-47.27507	-61.18529	13.91021	2.884599	0.3932302	7.529691	0.5577143
678	-51.09927	-63.14552	12.04626	3.477601	1.282891	7.529691	0.8812927
684	-35.65534	-48.42652	12.77118	2.731839	0.3543444	16.51565	0.7829699
690	-38.08958	-50.55253	12.46295	2.277336	0.959843	16.51565	0.4109841
696	-42.65924	-55.50514	12.8459	1.198213	1.130778	15.34908	1.322688
702	-38.57151	-51.76935	13.19784	0.2644723	1.303731	2.485691	3.324383
708	-34.37475	-46.55113	12.17638	0.5248562	1.303731	2.485691	3.767486
714	-41.70881	-52.8153	11.1065	1.100358	0.7074651	5.678454	3.767486
720	-37.00342	-49.10168	12.09827	2.424626	0.7074651	18.86979	0.9899364
726	-40.12858	-48.01006	7.881482	3.000968	1.214272	51.99273	1.937899
732	-38.60773	-47.2977	8.689967	3.000968	0.3953928	93.77651	1.192481
738	-42.00154	-48.72239	6.720852	2.963659	1.455906	93.77651	1.792805
744	-50.41595	-55.63628	5.220336	4.088929	0.5658913	144.2886	2.032605
750	-45.65925	-55.478	9.818748	2.197591	0.6772001	28.72114	2.311828
756	-45.42749	-55.58751	10.16001	2.865984	1.335409	25.57835	1.283127
762	-37.78027	-46.9495	9.169231	2.651394	1.046091	25.57835	2.306141
768	-35.59335	-51.38243	15.78908	0.948946	1.28934	1.408606	1.6795
774	-29.72621	-46.7035	16.97729	0.4477434	1.630645	0.7724581	1.431253
780	-29.25987	-46.12396	16.8641	0.3064543	0.503437	0.7724581	2.387481
786	-27.37957	-45.5673	18.18773	0.5750557	0.503437	0.7724581	1.279467
792	-32.86463	-47.64398	14.77935	0.03465149	3.881622	2.369919	1.680495
798	-34.01167	-50.54022	16.52856	0.2105459	0.6867581	1.310576	2.151879
804	-30.77223	-47.71092	16.93869	1.1688	0.7462607	0.8045181	1.492151
810	-34.54573	-50.32632	15.78059	1.558567	3.530913	0.4417655	1.12471
816	-29.72783	-46.66966	16.94183	1.124775	0.985392	0.606205	1.515541
822	-30.98543	-49.68076	18.69533	0.1072836	1.68006	0.07654822	1.494531
828	-31.94181	-47.71369	15.77188	0.5229061	7.624078	0.04554554	1.96359
834	-31.35435	-47.64498	16.29063	0.1749079	3.309207	0.2349737	2.155411
840	-30.91514	-45.64199	14.72685	0.5494935	1.179415	3.056878	2.114236
846	-31.49341	-47.34837	15.85496	0.2261005	1.179415	3.978924	1.29306
852	-26.78053	-44.16599	17.38547	0.4765932	1.179415	0.8033491	1.334544
858	-31.59076	-46.1573	14.56654	0.58814	4.719206	0.9858871	1.931651
864	-34.81555	-51.82628	17.01073	0.7085677	1.493127	1.28902	0.7620067
870	-40.10899	-53.08792	12.97893	1.105556	3.960832	1.23266	2.625417
876	-29.24846	-46.95935	17.71089	0.5844464	1.520218	0.6305187	0.8899726
882	-29.19281	-45.59465	16.40184	0.2857317	1.520218	1.425759	1.577546
888	-35.60238	-49.41316	13.81078	0.87205	1.520218	6.795076	1.577546
894	-36.34278	-51.10542	14.76264	0.5927858	2.193642	0.6495736	2.688519
900	-28.89191	-47.15907	18.26716	1.037703	0.6603372	0.6495736	0.5292141
906	-26.03316	-45.497	19.46384	0.5015548	0.2354774	0.6495736	0.8031408
912	-31.80837	-48.88129	17.07293	0.1814827	0.7598511	2.3072	1.257105
918	-30.66398	-47.18851	16.52453	0.5978242	1.548502	0.7267218	1.736367
924	-30.41786	-48.4271	18.00924	0.02451283	1.193195	0.1884439	1.99843
930	-26.92719	-47.23372	20.30652	0.9476427	0.2383755	0.04193474	1.034387
936	-30.11688	-48.97895	18.86207	1.523887	0.3454567	0.3194726	0.4089906
942	-28.38243	-47.53877	19.15634	1.722822	0.3454567	0.1335662	0.3532534
948	-31.8203	-51.70933	19.88903	1.134886	0.4667189	0.04462169	0.3342028
954	-29.99459	-47.5111	17.51651	0.6769409	0.80962	1.122147	1.089487
960	-31.822	-46.65825	14.83625	1.679292	0.6086994	5.101037	1.17328
966	-33.85247	-47.41151	13.55904	0.1566404	2.093036	5.949657	2.123966
972	-27.31831	-44.34745	17.02914	0.05997265	2.927204	0.709202	1.201561
978	-29.72295	-48.89694	19.17399	0.03533406	0.6305024	0.5291438	1.009144
984	-29.83692	-48.77971	18.94279	0.06382236	0.7873533	0.5291438	1.009144
990	-25.95077	-45.01569	19.06491	0.2299233	0.7873533	0.43643	0.8688668
996	-36.23651	-52.63742	16.40091	1.30773	5.683749	0.1342659	0.8688668
1002	-33.78694	-50.51395	16.72701	1.130775	5.683749	0.1282536	0.6911642
1008	-41.07733	-57.69687	16.61955	0.9580545	4.481751	0.3630062	0.6349633
1014	-37.28424	-52.82386	15.53962	0.2339491	16.30893	0.1252042	1.181892
1020	-31.48718	-47.52567	16.03849	1.685648	1.851626	0.1675093	1.927003
1026	-29.13841	-46.51281	17.37439	1.634494	1.240392	0.2221197	1.175646
1032	-29.57293	-47.96065	18.38772	1.634494	1.031371	0.1165822	0.6162097
1038	-26.5826	-45.75248	19.16988	0.7113748	1.031371	0.1412252	0.7129053
1044	-30.85511	-46.75366	15.89855	0.607029	6.996489	0.1412252	1.616268
1050	-25.61715	-44.66256	19.04542	0.03033255	1.201973	0.1179201	1.428647
1056	-25.37409	-44.39211	19.01803	0.01008179	0.7784258	0.1179201	1.776978
1062	-26.2486	-44.92443	18.67582	0.01967923	0.710885	0.0992471	2.109299
1068	-28.23369	-47.23357	18.99989	0.07489348	2.135002	0.1365213	0.751194
1074	-26.81421	-44.89943	18.08522	0.01711355	4.219377	0.1365213	0.885418
1080	-32.33518	-49.12823	16.79305	0.0239986	4.560844	0.07929784	2.0002
1086	-29.34285	-47.84954	18.5067	0.1037827	2.019269	0.09604211	1.412658
1092	-28.56004	-45.59027	17.03024	0.4208563	6.496746	0.05047423	1.276962
1098	-26.20404	-44.9547	18.75065	0.2246081	0.2564108	0.04679771	2.598577
1104	-29.95816	-46.77331	16.81515	0.02970035	0.7580531	0.4235346	2.688137
1110	-29.21426	-46.37117	17.15691	0.1999947	0.4038711	0.4347545	2.690487
1116	-28.20113	-45.39315	17.19202	0.407589	0.6764712	1.199648	1.639058
1122	-30.91122	-46.29337	15.38216	0.8145403	0.6764712	4.75496	1.4359
1128	-35.17573	-50.53785	15.36213	1.408619	0.9273526	1.737587	1.729606
1134	-37.30022	-53.82608	16.52586	1.76846	0.6461496	1.781399	0.4547932
1140	-31.08957	-46.67894	15.58936	1.082818	2.044231	1.781399	1.121042
1146	-33.73412	-49.2797	15.54558	0.8713452	2.044231	1.496747	1.487969
1152	-27.64446	-45.30641	17.66195	0.1271867	4.468356	0.09997841	1.245663
1158	-30.12994	-48.69427	18.56433	1.253372	0.7845072	0.277084	0.4964538
1164	-34.74967	-52.21115	17.46147	0.1817275	1.027283	1.979511	0.7484672
1170	-31.56924	-46.85502	15.28578	0.3134083	3.553593	1.371712	1.651525
1176	-27.59755	-44.81605	17.21849	1.562056	0.5081272	1.377109	0.5788186
1182	-39.64052	-55.89317	16.25265	2.534158	0.5107589	1.377109	0.4815112
1188	-36.32064	-50.71205	14.3914	2.234554	1.276846	3.994968	0.4674367
1194	-29.0521	-45.3841	16.33199	1.307615	1.328975	1.673445	0.6142638
1200	-25.38453	-45.30896	19.92443	0.6025017	0.3386305	0.1520516	1.046383
1206	-25.1792	-45.6663	20.48709	0.09114521	0.1290027	0.1520516	1.491723
1212	-36.71539	-54.93141	18.21602	0.1519607	0.3857235	0.5765364	1.91618
1218	-34.70692	-51.55764	16.85072	0.646446	0.3857235	0.1397038	3.073405
1224	-40.49599	-57.32095	16.82496	1.052583	0.4111641	0.7098587	2.08715
1230	-35.74634	-53.06721	17.32088	1.080892	0.984888	0.6089468	1.249875
1236	-35.18286	-53.32804	18.14518	0.9066618	1.482103	0.14341	1.188196
1242	-29.52701	-48.25395	18.72695	0.04466382	0.9588453	0.3816919	1.281844
1248	-25.65412	-46.62139	20.96727	0.1964694	0.2227831	0.07414924	1.009531
1254	-27.93556	-46.57668	18.64112	0.3017379	0.5347369	0.2026074	1.867254
1260	-29.66274	-47.89336	18.23062	0.4117476	0.9134599	0.2487987	1.646499
1266	-26.70936	-46.40446	19.6951	0.3322584	0.5881665	0.2487987	0.7895489
1272	-28.43652	-46.62463	18.18811	1.104471	0.7544734	0.4236764	0.9420924
1278	-32.61747	-50.70114	18.08368	1.022963	0.3112555	0.4880642	1.608157
1284	-28.54646	-46.00516	17.4587	0.8838288	1.871102	0.4880642	0.8128035
1290	-36.09107	-51.77773	15.68667	1.313683	0.8249554	1.537303	1.744344
1296	-39.63185	-53.43629	13.80444	1.052363	2.251583	3.293486	1.845118
1302	-34.64004	-50.20983	15.56979	0.4039348	1.063803	0.968736	2.568448
1308	-30.55548	-44.90761	14.35212	0.3706239	1.010243	1.68516	3.004659
1314	-30.81315	-45.51247	14.69931	0.1881229	3.395428	1.224645	2.25289
1320	-37.05585	-52.07335	15.0175	1.382901	0.4558475	0.4709595	3.171129
1326	-28.49538	-46.78599	18.2906	0.8992372	0.4856864	0.27706	1.609267
1332	-28.09382	-46.27559	18.18177	0.6920893	1.071091	0.0335009	1.934605
1338	-28.9628	-46.70249	17.73968	0.4138747	0.873198	0.6402527	1.503186
1344	-30.17006	-47.66511	17.49505	1.087797	0.5042843	0.8964967	1.30918
1350	-25.21754	-44.68686	19.46932	0.3822867	0.2677553	0.1308905	1.766225
1356	-25.98398	-41.40381	15.41983	0.1908148	0.8440349	1.690289	2.568694
1362	-28.45342	-44.44674	15.99332	0.4078402	1.416087	0.461959	2.529852
1368	-30.04644	-47.42966	17.38322	0.6341106	2.283163	0.461959	0.9670918
1374	-33.76464	-50.60165	16.837	1.406786	0.3167819	0.6961653	1.98498
1380	-33.96673	-52.17344	18.20671	0.2780402	0.63754	0.7868195	1.326649
1386	-31.00042	-48.9168	17.91637	0.2886671	1.27351	0.7868195	0.9761641
1392	-31.49658	-48.53203	17.03545	0.3411463	2.875671	0.3151526	1.514333
1398	-34.22084	-49.50834	15.28749	0.9588672	13.0943	0.2352102	0.6648735
1404	-33.48632	-50.43957	16.95325	0.3601146	1.895891	0.4367389	1.74724
1410	-27.61506	-46.27717	18.66211	0.5535026	0.7716681	0.2881749	1.255848
1416	-30.19327	-49.22505	19.03178	0.3463111	0.5000661	0.2970804	1.414714
1422	-30.70565	-47.81804	17.11239	0.4175292	4.303997	0.2970804	0.9714527
1428	-26.31873	-43.59329	17.27457	0.66034	1.165475	1.142209	0.9714527
1434	-26.37452	-43.8772	17.50268	0.892065	0.6679355	0.9364314	1.228843
1440	-32.08586	-46.81898	14.73312	1.259223	3.049547	1.577601	1.392098
1446	-32.18754	-50.13436	17.94682	0.7159648	0.8545216	0.6817732	1.052719
1452	-34.55398	-49.80671	15.25272	1.580853	0.3276014	5.817657	1.164076
1458	-44.32469	-56.92614	12.60145	2.235102	2.595974	7.356904	0.768449
1464	-31.59999	-46.22535	14.62537	1.84887	0.5320112	7.356904	0.7843709
1470	-35.46999	-50.82411	15.35412	0.7476917	0.3971537	11.0843	0.7447195
1476	-33.10891	-46.20375	13.09484	2.157496	1.83509	7.72361	0.638979
1482	-38.49976	-54.59477	16.09501	1.706173	1.559646	1.134755	0.7669823
1488	-37.37291	-53.79063	16.41772	2.151248	0.7622796	1.202285	0.433686
1494	-45.70778	-63.85504	18.14727	1.729309	0.5170968	0.4122406	0.6107697
1500	-50.42788	-63.24228	12.81441	2.252598	1.861622	0.8949518	2.80021
1506	-38.37747	-56.13644	17.75897	2.166556	0.8650458	0.1982688	0.5833268
1512	-37.96743	-51.72145	13.75402	0.7747263	22.6147	0.03238409	1.99166
1518	-33.66816	-48.49948	14.83132	1.100122	22.6147	0.06852801	0.6109151
1524	-33.67373	-48.02087	14.34714	1.028369	24.56596	0.1453981	0.7731003
1530	-41.98851	-56.66135	14.67284	1.048327	17.59373	0.1505751	1.026333
1536	-30.93742	-50.97479	20.03738	1.048327	0.2464748	0.1505751	0.6059247
1542	-30.47431	-49.03906	18.56475	0.04582145	0.9577937	0.6000413	1.103462
1548	-31.09457	-47.79435	16.69977	0.04874619	0.9577937	1.297876	1.943933
1554	-33.52347	-48.76972	15.24625	0.296339	0.9577937	0.9042849	2.937631
1560	-34.11785	-48.03446	13.91661	2.17902	0.8410399	6.549533	0.9495229
1566	-32.01138	-46.88452	14.87313	1.086011	0.8410399	6.549533	1.083982
1572	-34.27067	-51.09433	16.82366	1.740211	0.8410399	1.108556	0.5566798
1578	-32.16817	-48.67217	16.50399	0.3686751	0.8410399	1.108556	2.055397
1584	-30.12888	-48.32313	18.19425	1.365867	0.4787727	0.6640254	0.5318346
1590	-30.65673	-47.82565	17.16892	0.9096127	4.077759	0.1826345	0.7764003
1596	-31.06208	-49.98606	18.92399	1.605592	0.2782025	0.3303096	0.4544464
1602	-36.16472	-52.81825	16.65353	1.705764	2.535631	0.2530081	0.936156
1608	-31.75888	-48.24096	16.48208	1.288406	3.403208	0.4719317	0.5368933
1614	-39.45571	-54.60562	15.14991	0.1393616	5.987635	0.8607203	1.697498
1620	-28.00646	-44.17895	16.17249	0.7324656	1.016632	1.479233	1.697498
1626	-29.69649	-48.06888	18.37239	0.4977565	0.2786004	1.479233	0.9909603
1632	-34.2397	-49.91648	15.67677	0.8013063	2.159734	1.386876	1.455317
1638	-30.6137	-46.33034	15.71664	0.406232	3.098173	1.561218	1.280881
1644	-36.06252	-49.97118	13.90866	0.7439583	9.314719	1.561218	1.202858
1650	-27.76889	-44.83488	17.06599	0.1793774	0.7184482	1.567155	1.647069
1656	-27.43871	-45.37666	17.93795	0.1676828	0.6690009	0.546415	1.814278
1662	-27.39563	-45.09942	17.7038	0.2183457	0.5803649	1.425369	1.360246
1668	-24.34936	-42.86412	18.51476	0.08462232	0.6132853	0.689005	1.360246
1674	-25.91755	-44.16139	18.24384	0.1921663	0.6132853	0.8989204	1.290677
1680	-35.40806	-52.85488	17.44682	0.5979934	3.049824	0.2410206	1.051215
1686	-28.97232	-46.68111	17.70879	0.3865362	1.731674	0.2410206	1.567639
1692	-29.94708	-46.62859	16.68151	1.214386	0.7983282	0.2216801	2.285124
1698	-27.2389	-44.78511	17.54621	0.6622203	4.108766	0.158685	0.6770072
1704	-31.07537	-50.53	19.45463	0.5086063	1.286154	0.07846172	0.5993878
1710	-30.09245	-49.78789	19.69544	0.3798065	0.1783371	0.1475983	1.743409
1716	-30.75658	-49.36685	18.61027	0.8764459	0.5705022	0.1151613	1.65816
1722	-29.74509	-48.76692	19.02184	0.6208424	0.575906	0.2205904	1.26503
1728	-27.86395	-47.56208	19.69813	0.2866504	0.1792854	0.4424927	1.26503
1734	-36.20882	-55.37461	19.16579	1.2734	0.1792854	0.4424927	0.8226838
1740	-28.97068	-47.21481	18.24413	0.7587745	0.3217528	1.320301	0.8718397
1746	-26.01268	-46.15262	20.13994	0.6613874	0.3217528	0.1826156	0.5940062
1752	-35.7283	-52.91177	17.18347	0.29261	2.039902	0.4424927	1.561777
1758	-28.22067	-45.795	17.57433	0.3064272	0.8972746	0.8091621	1.526727
1764	-36.82397	-51.02083	14.19686	1.61533	4.25318	2.030931	0.2410065
1770	-34.48781	-51.29808	16.81027	1.640404	1.467167	0.5504483	0.8917861
1776	-33.24223	-47.61048	14.36825	0.2517496	0.8977424	2.003257	3.016746
1782	-38.21169	-53.06118	14.8495	0.4039755	0.8977424	4.984114	1.875544
1788	-36.8548	-52.32235	15.46755	1.276362	0.8977424	4.385406	0.7808434
1794	-33.05708	-48.53352	15.47643	0.4720554	0.9140835	3.354899	1.753078
1800	-31.12213	-48.02816	16.90603	0.1169216	0.9140835	1.913562	1.475704
1806	-32.3843	-50.36503	17.98073	0.6987977	1.517962	0.1310969	1.500441
1812	-40.62278	-55.53971	14.91693	1.838241	0.5370868	4.137106	1.305235
1818	-36.32073	-53.24955	16.92882	0.3625373	0.4893526	2.916016	1.305235
1824	-29.93435	-44.24123	14.30688	1.106315	0.8012596	9.32024	1.13666
1830	-31.04611	-44.50693	13.46082	1.465052	1.185337	6.375345	1.662812
1836	-32.44075	-45.93504	13.49429	1.079645	6.189979	4.126248	0.6180157
1842	-28.95855	-44.87058	15.91203	0.733915	0.3860601	4.126248	1.594259
1848	-28.13547	-46.27651	18.14104	0.05436885	0.3860601	0.6867167	1.927859
1854	-29.0447	-48.04781	19.0031	0.04427562	0.3860601	0.654404	1.342697
1860	-29.84923	-47.65909	17.80986	0.2347599	1.612943	0.4360145	1.342697
1866	-28.68287	-47.06984	18.38697	0.8871052	0.4412127	0.9111953	0.688767
1872	-31.73162	-47.21224	15.48061	2.01277	0.8171327	2.648722	0.7804688
1878	-31.28809	-46.84635	15.55826	1.258306	0.8923755	1.68593	1.747818
1884	-27.97929	-45.8008	17.82151	0.5196825	0.8923755	0.8144128	1.157808
1890	-37.2559	-51.48646	14.23056	0.06227454	1.527267	4.170669	2.305864
1896	-30.20836	-46.1529	15.94454	0.3351662	1.527267	1.956329	1.610924
1902	-30.7052	-47.67337	16.96816	0.03737669	1.527267	1.001531	1.610924
1908	-34.80884	-52.66411	17.85527	0.7499859	0.8131072	0.1430856	1.972742
1914	-30.32781	-48.38353	18.05572	0.868331	0.8131072	0.5393365	1.044312
1920	-33.91942	-48.72121	14.80178	0.1521313	1.690369	1.128691	2.794781
1926	-40.13263	-56.78536	16.65273	0.8387366	1.690369	0.8650714	1.260478
1932	-34.45448	-52.95064	18.49616	0.1791307	1.954393	0.2822179	0.8488085
1938	-33.18043	-52.04463	18.8642	0.5443309	0.177119	0.625292	1.495001
1944	-32.14889	-52.66071	20.51182	0.5026714	0.1502263	0.0988506	1.248199
1950	-30.85454	-49.11935	18.2648	1.007541	0.2713745	0.5768652	1.450886
1956	-30.67933	-50.02099	19.34166	0.8725203	0.2713745	0.4659765	0.7161783
1962	-31.6186	-50.56243	18.94383	1.339388	0.4576557	0.2737319	0.5839457
1968	-34.70486	-50.87521	16.17035	1.903613	1.954888	0.3416739	1.291573
1974	-35.45353	-51.20577	15.75224	1.31795	0.7257291	2.502149	1.360584
1980	-39.13149	-51.96714	12.83565	0.5118455	0.6040474	3.317922	3.614302
1986	-41.81082	-54.10108	12.29026	0.5051489	0.8138291	4.099239	3.614302
1992	-36.62502	-50.26673	13.64171	0.2388423	0.8138291	3.735736	3.048942
1998	-31.37872	-48.16105	16.78233	0.2852657	0.4339649	2.04293	1.860339
2004	-34.0117	-50.79771	16.78601	1.18649	0.4339649	1.311674	1.572759
2010	-34.6843	-47.83612	13.15182	1.571046	0.7892828	4.016993	2.49302
2016	-30.87293	-46.57312	15.70019	1.792271	0.7892828	2.40673	0.9596477
2022	-31.13846	-48.68079	17.54233	0.8403726	2.009303	0.3056335	1.0644
2028	-34.65054	-52.70319	18.05265	0.1676686	2.827761	0.3576486	0.4470134
2034	-31.3037	-49.30036	17.99666	0.164048	2.549762	0.09229496	1.552298
2040	-33.11673	-51.84136	18.72464	0.989152	1.206759	0.1590246	0.5910665
2046	-30.51244	-47.08235	16.56991	0.232501	10.63177	0.1590246	0.6869131
2052	-33.93011	-51.98126	18.05115	1.633694	0.8856035	0.2818042	0.4485633
2058	-34.45503	-50.61253	16.15749	0.7984705	0.8856035	2.15729	1.442742
2064	-29.44465	-48.47598	19.03133	0.47033	0.3922932	0.4935805	1.155433
2070	-29.2233	-48.53513	19.31183	0.1634634	0.4059522	0.4935805	1.155433
2076	-31.62662	-51.10512	19.4785	1.347369	0.4059522	0.1242901	0.4052965
2082	-28.9106	-48.69078	19.78018	0.07550613	0.2983617	0.3049852	1.334267
2088	-31.50525	-47.82555	16.32029	0.04404332	2.088411	0.436823	2.303112
2094	-30.02418	-49.04167	19.01749	0.006533765	0.6795393	0.3129977	1.454681
2100	-29.75323	-48.37816	18.62493	0.2697689	0.9818086	0.225205	1.454681
2106	-35.70832	-52.13938	16.43106	0.06772935	2.4304	0.6710743	1.854628
2112	-31.06665	-49.31774	18.25109	0.03772959	0.4041375	0.6710743	1.854628
2118	-29.7766	-47.88092	18.10432	0.7628444	0.6064096	0.197948	1.854628
2124	-30.31567	-48.52368	18.20801	0.6632437	0.6669139	0.197948	1.793712
2130	-36.00625	-52.56056	16.55431	0.02969616	8.432995	0.3682402	0.7502553
2136	-33.91555	-49.91335	15.99781	0.8698916	7.468965	0.3378014	0.6920957
2142	-32.54228	-48.89548	16.3532	1.598842	3.545761	0.3378014	0.6199337
2148	-35.31356	-51.20401	15.89045	1.579106	3.545761	0.4869262	0.2353669
2154	-35.7427	-51.51724	15.77454	1.774142	3.545761	0.4414903	0.2353669
2160	-27.99542	-46.94017	18.94475	0.901195	0.4857828	0.4085388	0.7735929
2166	-29.21534	-47.98728	18.77194	0.6585964	0.3838827	0.6954977	0.9559537
2172	-30.98282	-49.70859	18.72577	0.3224745	2.013381	0.1174845	0.9559537
2178	-30.14663	-49.52032	19.37369	0.9119453	0.2165953	0.3273878	1.10518
2184	-42.29987	-57.29449	14.99462	2.102043	0.5247364	5.202954	0.5810125
2190	-37.72197	-55.14986	17.42789	1.789069	0.50716	0.8755706	0.6548091
2196	-37.29878	-54.56079	17.262	1.423384	0.6066378	0.8755706	1.106581
2202	-31.76497	-50.75891	18.99394	1.805859	0.2055501	0.1474786	1.117148
2208	-26.02105	-46.17559	20.15454	1.572535	0.1454742	0.0725136	0.4548882
2214	-29.12522	-49.88738	20.76216	0.8255512	0.1454742	0.01481525	1.065826
2220	-30.26467	-51.22102	20.95635	0.3899199	0.1377897	0.03481131	1.261885
2226	-31.15966	-51.79088	20.63122	1.062716	0.1377897	0.02146236	0.9918694
2232	-31.18397	-52.04531	20.86134	0.4458572	0.1377897	0.08561165	1.081396
2238	-27.45652	-46.85451	19.39799	0.1883533	0.2572171	0.217254	1.773729
2244	-32.01527	-50.55793	18.54267	0.2413233	0.7121841	0.217254	1.773729
2250	-27.40059	-46.41676	19.01617	1.052456	0.2558355	0.6317467	0.4946625
2256	-29.48149	-47.45983	17.97834	0.8830715	1.042629	0.6565918	0.4946625
2262	-26.41326	-46.4104	19.99714	0.09421681	0.7883416	0.1289363	0.8485521
2268	-30.87902	-49.04845	18.16944	1.367558	0.7883416	0.04495706	1.644079
2274	-30.40008	-50.62491	20.22483	0.5858479	0.2824132	0.124043	0.9944839
2280	-29.91101	-46.89375	16.98274	0.3356398	0.6467871	1.766911	1.564841
2286	-28.54173	-45.20673	16.665	1.00293	0.6467871	1.715131	1.323088
2292	-28.40246	-45.87957	17.47712	1.381294	0.2999632	1.715131	0.3138066
2298	-30.07831	-46.01286	15.93454	1.781263	1.393229	1.476412	0.3789675
2304	-31.58255	-48.10263	16.52007	1.781263	0.5307547	2.057931	0.5025437
2310	-38.01541	-52.96003	14.94462	0.7392971	1.577977	4.262556	1.285055
2316	-31.84788	-47.82014	15.97226	0.7861755	1.474041	1.089341	1.754112
2322	-32.26579	-46.95365	14.68786	0.4261496	0.4730407	5.121277	2.31821
2328	-28.89153	-45.41713	16.52559	0.0812089	0.4730407	3.653852	1.624697
2334	-33.16544	-49.2951	16.12966	0.1748007	1.409935	0.7563567	2.324024
2340	-40.36924	-55.29965	14.93041	0.09884899	1.411106	1.035809	2.923495
2346	-41.35137	-58.05016	16.6988	0.09193584	0.6466387	2.882864	1.519465
2352	-32.64184	-48.86135	16.21951	1.019356	2.063991	0.8417179	1.299855
2358	-35.14797	-50.27821	15.13024	0.3261681	2.063991	0.8417179	2.522607
2364	-30.54818	-44.79877	14.25059	1.504674	2.0651	1.873099	1.774165
2370	-38.74819	-52.77892	14.03073	3.583721	1.311229	1.735149	0.6101673
2376	-30.94437	-46.41403	15.46966	2.12574	6.262885	0.05428997	0.1494601
2382	-30.72457	-49.81935	19.09479	1.412148	0.5993079	0.05428997	0.1956577
2388	-33.65847	-53.40246	19.74398	1.187266	0.3856848	0.05428997	0.9575168
2394	-37.19671	-57.19784	20.00113	0.9135606	0.1838325	0.07164475	1.338864
2400	-38.05853	-55.46168	17.40316	0.9760571	1.530954	0.5954728	0.2666966
2406	-34.90899	-50.85111	15.94212	0.09454815	1.530954	1.077189	2.216927
2412	-34.16827	-49.17872	15.01045	0.2802899	1.549324	2.630759	2.036166
2418	-37.6852	-52.46548	14.78028	1.597579	1.03955	3.351	1.341431
2424	-33.476	-48.97712	15.50113	0.3861913	3.496887	0.800492	1.84619
2430	-28.9919	-47.69374	18.70185	0.4830894	0.2665011	1.399491	0.7169208
2436	-30.67699	-47.68802	17.01103	0.9760085	0.9605229	1.399491	0.8948616
2442	-32.62001	-51.15951	18.5395	0.5525435	0.9011758	0.3934985	1.032103
2448	-41.88727	-56.19714	14.30987	1.746585	7.283774	0.6386103	1.083104
2454	-38.06485	-52.78539	14.72053	0.5796485	10.50245	0.1762627	1.937851
2460	-30.05493	-47.1302	17.07527	1.017705	3.912887	0.1762627	0.8557324
2466	-28.6964	-46.64604	17.94964	0.05502704	1.098359	0.4284811	1.690621
2472	-28.16149	-45.67135	17.50986	0.7848421	2.382137	0.1185813	1.432076
2478	-28.1004	-45.9641	17.86369	1.255311	2.382137	0.105412	0.6567694
2484	-34.96984	-52.69686	17.72702	0.6168794	1.980135	0.3602436	1.003274
2490	-35.01799	-51.98335	16.96536	1.719243	0.462167	0.3352951	1.897359
2496	-30.94223	-50.63488	19.69265	0.05980961	0.1582731	0.3591459	1.619693
2502	-31.25124	-48.75923	17.50798	0.08787289	0.3040934	0.658182	2.454978
2508	-29.08959	-49.57768	20.48809	0.01709383	0.3040934	0.2005692	0.9900113
2514	-30.03171	-49.21486	19.18315	0.01531278	0.4549052	0.747528	0.9900113
2520	-30.22999	-49.47375	19.24376	0.2340531	0.6385994	0.1724302	1.439787
2526	-34.45433	-49.20548	14.75115	2.521	1.157066	2.49491	0.3402539
2532	-31.63193	-48.72919	17.09726	1.667472	0.3422312	1.803377	0.6454455
2538	-30.56304	-48.13588	17.57284	1.485318	0.4870482	1.104266	0.4780059
2544	-34.02518	-54.28624	20.26107	0.09196463	0.3987536	0.04240366	1.482018
2550	-38.20318	-56.49731	18.29413	0.9769624	1.570492	0.2144048	0.5141107
2556	-35.30557	-53.2209	17.91534	1.555868	1.436806	0.07449448	1.09746
2562	-38.67834	-57.02212	18.34378	1.632159	0.3972092	0.4789315	0.4206564
2568	-34.68323	-52.99318	18.30996	1.180939	0.8202435	0.409671	0.4943045
2574	-32.86824	-48.8031	15.93485	1.358655	0.3792994	3.989887	1.126011
2580	-33.58238	-49.31042	15.72805	0.1612597	0.2873679	1.354396	3.086797
2586	-30.40449	-48.56735	18.16286	0.01716984	1.850453	0.5615385	0.8832555
2592	-32.72068	-47.74896	15.02828	0.2320668	1.850453	2.025073	2.132066
2598	-33.50169	-49.93962	16.43793	2.02869	1.018479	0.958434	0.6975214
2604	-33.59399	-49.24979	15.6558	1.253228	2.583473	0.958434	1.243833
2610	-33.30538	-51.46077	18.15539	0.1014455	0.3138537	1.328397	1.532492
2616	-33.33415	-50.67418	17.34003	0.2345975	0.546257	0.9434278	1.955364
2622	-30.67213	-46.61674	15.94461	0.1938862	2.175422	0.9965604	1.935222
2628	-33.26423	-51.20675	17.94251	0.1016549	0.6114462	0.8172806	1.659298
2634	-28.61489	-49.02466	20.40977	0.02211771	0.5554034	0.1346952	0.7867218
2640	-31.05269	-50.28986	19.23717	1.194717	0.5554034	0.1346952	0.7867218
2646	-28.89233	-49.48358	20.59125	1.120737	0.09558911	0.1194453	0.4261867
2652	-30.03639	-51.11359	21.0772	1.12496	0.02029885	0.08021962	0.3896123
2658	-30.88985	-49.56228	18.67243	1.257605	0.7924826	0.1762319	0.8383964
2664	-33.14915	-51.41339	18.26424	1.229358	0.4589998	0.1274878	1.747451
2670	-29.51105	-45.57891	16.06786	0.7143763	2.108058	0.7169647	1.735265
2676	-29.0113	-45.78711	16.77581	0.09007526	1.380805	1.60493	1.424656
2682	-36.7169	-51.79171	15.0748	0.3029464	1.669621	2.412503	1.993565
2688	-34.02182	-47.68919	13.66737	1.5815	2.230655	2.877039	1.700465
2694	-32.53598	-49.49545	16.95948	1.480378	1.462472	0.7055281	0.4857033
2700	-30.36538	-48.6011	18.23572	1.216963	0.4193847	0.7055281	0.8389482
2706	-28.50242	-45.22064	16.71822	0.7321681	0.5122062	1.671529	1.660565
2712	-26.57459	-44.0486	17.47401	0.3764236	0.454272	1.671529	1.437486
2718	-33.78496	-50.13485	16.34989	0.408557	0.454272	1.671529	2.195159
2724	-32.43208	-49.08705	16.65498	0.6239498	0.5589972	0.9910557	2.106113
2730	-35.37051	-48.35756	12.98705	1.507055	1.403065	10.10682	1.325192
2736	-31.42187	-47.58164	16.15977	0.7950356	0.5208634	1.296734	2.175668
2742	-35.00257	-50.42358	15.42101	0.532048	0.5589972	0.3746884	3.440559
2748	-33.16527	-48.83988	15.67461	0.8918602	1.797314	1.297217	1.602609
2754	-31.04859	-49.99577	18.94717	0.7871196	0.3127063	0.2031424	1.602609
2760	-31.84851	-49.5292	17.68069	0.02172103	1.513107	0.6390574	1.414857
2766	-30.77727	-47.77185	16.99458	0.9998056	3.681459	0.1278751	1.198505
2772	-32.77226	-49.62857	16.85631	0.3096243	1.14248	0.7039723	1.950066
2778	-31.19401	-46.65462	15.46061	1.459584	1.14248	2.932868	0.9181558
2784	-31.23123	-49.8576	18.62637	1.369354	0.4357367	0.4345061	0.5120434
2790	-29.81551	-48.09712	18.28161	1.752508	0.4357367	0.1108265	1.430711
2796	-31.25996	-48.0409	16.78093	1.807278	1.863029	0.1185417	1.430711
2802	-35.48258	-52.08578	16.6032	2.81218	1.049961	0.1185417	1.267231
2808	-30.40987	-49.32489	18.91502	0.9827587	0.3677618	0.5530738	0.6344209
2814	-32.90724	-50.79361	17.88636	1.011404	0.5776298	1.108092	0.5894122
2820	-29.80752	-47.59032	17.7828	0.7667061	0.5839444	1.108092	1.045321
2826	-28.91714	-47.4493	18.53216	0.6038731	0.5839444	0.4067834	1.319778
2832	-37.9515	-51.91077	13.95927	2.474736	1.712221	3.298147	0.7940147
2838	-38.00714	-50.44128	12.43414	1.989452	8.821893	1.739785	1.360023
2844	-32.18926	-47.99457	15.8053	0.9200649	6.210054	0.4876671	0.8746905
2850	-30.44035	-46.65932	16.21897	1.05685	6.210054	0.2858107	0.3682231
2856	-31.42789	-48.46661	17.03872	1.740539	0.8690787	0.6063201	1.025342
2862	-36.07246	-52.20596	16.1335	1.096416	2.585408	0.6063201	1.329725
2868	-34.51143	-49.43244	14.92101	1.967892	2.585408	1.553883	0.7404533
2874	-29.52471	-49.03526	19.51055	0.3871256	0.3057948	0.2077043	1.483486
2880	-31.3415	-48.39934	17.05784	1.284633	1.409312	0.8052423	0.4175108
2886	-33.94999	-50.29755	16.34756	1.566943	1.860521	0.9156407	0.5679517
2892	-35.15598	-51.54833	16.39236	0.4850969	2.525544	1.009746	1.2502
2898	-27.12467	-45.58186	18.4572	0.8053776	0.4223738	0.6289207	1.133163
2904	-32.67765	-47.37196	14.69431	1.653333	1.773332	2.984669	0.993511
2910	-35.46606	-55.37504	19.90898	0.5671369	0.2460823	0.3205358	0.8398049
2916	-30.39766	-48.45684	18.05918	0.9499238	0.7278179	0.2072033	1.620552
2922	-33.19163	-50.7461	17.55447	0.3041381	3.796293	0.04962849	1.547766
2928	-33.11484	-50.45251	17.33768	0.9233681	2.487166	0.03385323	1.703898
2934	-27.99894	-44.84283	16.84389	0.7412694	6.379085	0.1576929	0.6903212
2940	-31.81385	-49.93267	18.11882	1.652654	1.023847	0.07518375	1.144129
2946	-35.36647	-50.87998	15.5135	1.1934	6.560522	0.5413875	0.6574492
2952	-33.5622	-53.07381	19.51161	0.4325774	0.2245435	0.1518606	1.728224
2958	-28.73949	-46.17471	17.43523	0.7538293	1.101796	0.310529	1.728224
2964	-33.89497	-50.24321	16.34824	1.61329	3.216109	0.2528837	1.035661
2970	-34.68659	-51.02316	16.33657	2.234709	3.63611	0.1141696	0.5941449
2976	-30.05794	-48.3424	18.28446	1.175209	0.4438982	0.3605343	1.316582
2982	-33.03444	-51.61072	18.57627	0.6323995	0.7575673	0.5164117	0.8513138
2988	-27.26465	-43.972	16.70735	0.5401713	0.823262	1.287215	1.707372
2994	-26.16854	-43.08535	16.91681	0.3307151	0.823262	1.287215	1.707372
3000	-31.7116	-47.48108	15.76948	0.3877179	5.177753	0.9363494	1.117288
3006	-30.0215	-46.60841	16.58691	0.5861938	2.275848	1.458852	0.3883699
3012	-33.71696	-49.58523	15.86826	1.418321	1.390205	1.29237	1.272242
3018	-35.02471	-47.56703	12.54232	1.148815	4.07838	5.327151	1.67313
3024	-52.77565	-61.29688	8.521237	2.237502	1.430216	21.61398	2.94592
3030	-44.3057	-54.92014	10.61444	1.418885	1.534482	10.22197	2.886887
3036	-37.67581	-49.62228	11.94647	0.8431164	0.7277664	10.22197	2.886887
3042	-37.14268	-52.46828	15.3256	1.606616	0.7277664	2.59326	1.431691
3048	-39.16331	-55.37846	16.21515	2.417656	0.7548809	1.136508	0.4226513
3054	-39.67001	-53.65596	13.98595	3.45661	0.2286747	3.989332	0.1239369
3060	-39.34527	-54.47763	15.13236	2.961335	0.8410282	1.519407	0.2796591
3066	-34.57449	-52.66602	18.09153	1.211693	0.4393362	0.7504207	0.9046716
3072	-35.16527	-55.99901	20.83374	0.3922473	0.04801788	0.12326	1.351305
3078	-29.67866	-50.09839	20.41973	1.191848	0.07731256	0.12326	0.862391
3084	-39.09574	-53.40526	14.30951	0.4382256	1.28412	1.386419	2.970525
3090	-33.11422	-48.9896	15.87538	2.301114	0.6490108	1.970866	0.4749451
3096	-31.77895	-48.31973	16.54078	0.44145	1.292586	0.6498559	2.034454
3102	-38.53645	-57.94953	19.41308	0.3054938	0.2061658	0.2771525	1.667868
3108	-34.2523	-51.04693	16.79464	1.074495	1.223959	0.9486824	1.162139
3114	-29.44328	-46.68115	17.23787	1.074495	1.223959	0.9486824	0.64999
3120	-37.32367	-53.23234	15.90866	1.762922	2.88346	0.5572371	0.8581427
3126	-33.28323	-50.0061	16.72287	1.575046	1.867868	0.5572371	0.720021
3132	-32.45728	-48.93502	16.47773	0.03804299	4.961804	0.5572371	1.270653
3138	-34.28364	-49.59907	15.31543	0.309046	3.757748	0.1868513	2.669045
3144	-40.34665	-54.82172	14.47507	0.5249017	18.7598	0.3201955	1.157426
3150	-32.81342	-48.78396	15.97055	1.1076	2.781352	1.289464	0.5766446
3156	-32.07159	-48.85462	16.78303	0.4492723	0.9441841	1.289464	1.622058
3162	-27.94969	-46.8011	18.85142	0.01504589	0.9441841	0.1723361	1.622058
3168	-26.80787	-44.29634	17.48847	0.3753976	1.333764	0.6004894	1.438395
3174	-28.31609	-45.35736	17.04127	1.134925	0.6766638	0.1295763	2.393871
3180	-29.3194	-46.57867	17.25927	0.6102385	0.6766638	0.86841	1.678156
3186	-33.46738	-49.59417	16.12678	1.245001	1.005135	0.8602431	1.76985
3192	-34.17139	-50.13684	15.96545	1.344449	4.08284	0.4425832	0.9653885
3198	-30.21005	-46.70801	16.49796	0.8992417	0.2353253	5.524017	0.9071097
3204	-27.11892	-44.14019	17.02128	1.653295	1.255648	0.6178319	0.3597329
3210	-27.72541	-45.37785	17.65244	0.5036286	0.7861767	1.139748	1.134076
3216	-32.22128	-47.61547	15.39419	0.701323	1.510654	3.71128	1.134076
3222	-28.26463	-44.89978	16.63515	1.499063	1.109679	1.273446	0.5954604
3228	-31.50196	-47.61762	16.11565	1.99794	1.109679	1.273446	0.3763155
3234	-29.44158	-44.04392	14.60234	1.753006	1.949145	2.118103	1.268086
3240	-25.69179	-42.99163	17.29984	0.9095781	0.798667	0.9115112	1.268086
3246	-26.37298	-43.89569	17.52271	0.6117134	0.7377822	1.555006	0.8828332
3252	-36.33056	-52.81529	16.48473	2.376577	0.7500256	0.7250011	0.919213
3258	-33.96733	-51.3263	17.35897	1.199781	1.393599	0.6228456	0.6671372
3264	-31.11912	-49.54027	18.42115	1.012641	0.3313228	0.4164481	1.425455
3270	-31.04384	-47.10307	16.05923	0.2867687	1.318988	1.98938	1.663876
3276	-35.22385	-49.08034	13.85648	0.7717188	0.3708469	15.96848	1.584414
3282	-34.81242	-48.43378	13.62136	1.801802	0.3708469	9.849489	1.579842
3288	-37.99236	-50.86546	12.8731	1.801802	0.3708469	18.70549	1.342933
3294	-33.49891	-48.41432	14.9154	1.472211	1.375748	3.154226	1.154188
3300	-38.2605	-55.41036	17.14986	0.8227234	0.5711413	1.64503	1.19993
3306	-33.79552	-48.34656	14.55104	2.223272	2.796662	1.64503	0.6575486
3312	-40.40393	-47.7845	7.38058	4.341192	1.45428	63.64548	0.3243823
3318	-38.07681	-48.95602	10.87921	3.353796	1.588915	9.060342	0.08209242
3324	-40.54796	-51.03953	10.49157	3.353796	1.722595	9.060342	0.05816645
3330	-37.34122	-50.72193	13.38071	2.776083	1.386151	3.080092	0.1112887
3336	-33.42725	-47.24606	13.81881	2.388983	1.547162	3.080092	0.1398611
3342	-34.09885	-50.33091	16.23206	1.641751	0.920488	1.809631	0.3295882
3348	-36.66516	-51.15493	14.48977	1.595047	0.917459	7.182777	0.6705897
3354	-31.48915	-50.36832	18.87917	0.4265989	0.1567232	0.2830723	2.048003
3360	-47.5275	-58.58939	11.06189	4.026883	2.583203	1.85962	2.048003
3366	-40.90552	-55.87157	14.96606	0.9336735	2.917997	1.85962	1.362396
3372	-34.01063	-48.49859	14.48795	1.62202	2.917997	1.895055	1.170402
3378	-35.94894	-50.03212	14.08318	1.545344	2.777866	4.211191	0.6279331
3384	-31.58031	-47.20001	15.6197	0.6287129	5.705987	0.2970569	1.69238
3390	-33.86484	-50.03434	16.1695	1.306363	4.263261	0.2944509	1.044128
3396	-32.51213	-51.54635	19.03422	0.03416027	1.246184	0.3344239	0.8331683
3402	-31.61711	-50.60273	18.98562	0.04211282	1.246184	0.3534936	0.8331683
3408	-31.40511	-49.33239	17.92729	0.01855866	4.104038	0.09606709	1.225504
3414	-33.95176	-50.99767	17.04591	0.1111651	2.653622	0.4545239	1.546306
3420	-32.37729	-49.12876	16.75148	1.262541	2.055581	0.4545239	1.104235
3426	-29.03972	-46.17318	17.13347	0.1638519	2.055581	0.5321994	1.575361
3432	-30.58835	-48.11181	17.52346	0.5190128	2.055581	0.5321994	0.9497803
3438	-29.30165	-47.33726	18.03561	0.9441295	1.132079	0.4229987	0.8471045
3444	-28.36817	-47.47988	19.11171	0.623112	0.7485993	0.2904315	0.7498227
3450	-34.68489	-52.01312	17.32823	1.136233	0.2275603	2.252317	1.044618
3456	-30.75857	-51.94053	21.18196	0.07296471	0.05921253	0.1618272	1.16528
3462	-36.48666	-53.01053	16.52387	1.681692	0.2838237	2.482664	1.040112
3468	-36.99858	-53.6608	16.66222	1.102109	0.07895741	3.435902	1.608787
3474	-38.75102	-56.39673	17.64571	1.037918	0.1000612	3.435902	0.6466723
3480	-37.58478	-52.45587	14.87109	0.4127049	0.5042626	3.445429	2.517629
3486	-29.96103	-46.61044	16.64941	1.235585	0.2834792	3.285711	1.008473
3492	-36.61475	-52.40346	15.78871	2.247995	0.3394555	3.285711	0.377275
3498	-31.629	-46.73985	15.11085	1.5152	0.9617369	4.797862	0.6593843
3504	-25.44973	-43.04867	17.59894	0.6255496	0.9617369	1.182511	0.8234923
3510	-29.52842	-47.32009	17.79167	1.022302	0.591169	1.182511	0.5772989
3516	-28.21591	-47.20529	18.98938	0.3845107	0.4957191	0.2316355	1.548343
3522	-27.08202	-46.06494	18.98292	0.9590256	0.1991711	0.8577809	0.4730199
3528	-28.94886	-46.54289	17.59403	0.6432295	0.3175491	1.354535	1.525306
3534	-30.16746	-49.61618	19.44872	0.7628082	0.06135424	1.092835	0.6092661
3540	-27.19439	-44.51134	17.31694	0.890975	1.6057	0.6527679	0.8851397
3546	-29.60332	-45.30928	15.70595	1.170609	3.352586	1.223087	0.6307195
3552	-30.25152	-48.28096	18.02944	1.362004	0.3687826	0.7927109	0.8999
3558	-32.42592	-50.67557	18.24965	0.5601675	1.240286	0.4416304	0.8948942
3564	-28.36121	-46.06837	17.70716	0.981322	1.587269	0.4416304	0.6963782
3570	-28.49527	-45.82865	17.33338	1.198229	1.671322	0.5362342	0.525922
3576	-29.608	-46.70458	17.09658	1.664583	1.671322	0.2434036	1.052378
3582	-26.93228	-43.47089	16.53861	1.092846	0.5638669	1.278652	1.68277
3588	-29.077	-46.37914	17.30214	0.6587644	2.008065	0.1907731	1.645369
3594	-31.58815	-48.93089	17.34274	0.2397325	0.4123134	0.6675622	2.312769
3600	-28.91421	-45.16478	16.25057	0.5671934	0.8967259	3.605592	0.999682
3606	-26.55855	-43.46387	16.90532	0.3304408	0.6428237	0.8782028	2.132364
3612	-33.31604	-50.7235	17.40746	1.556406	2.862945	0.07834717	0.738206
3618	-38.10915	-51.30999	13.20084	0.4408901	8.001478	0.1367863	3.314506
3624	-28.46003	-43.29169	14.83166	1.315393	2.142029	3.587392	0.6594822
3630	-30.43982	-47.89993	17.46011	0.1182407	0.4651162	0.8136844	2.135797
3636	-29.87316	-49.75509	19.88193	0.1586558	0.2080543	0.1494187	1.699424
3642	-36.26105	-53.26671	17.00565	2.267552	0.3956696	0.1494187	1.924138
3648	-35.46564	-52.29043	16.82479	2.546636	1.589943	0.1494187	0.3149127
3654	-31.54907	-50.0593	18.51022	1.211685	1.553044	0.09013093	0.5238368
3660	-34.23825	-51.20646	16.96821	0.8479467	0.8397848	1.122145	1.378299
3666	-30.11848	-46.48116	16.36268	0.2646512	1.46979	1.40879	1.657438
3672	-32.39107	-49.93896	17.54789	0.6348441	0.6166845	0.700483	1.657438
3678	-40.89158	-57.04899	16.15742	1.893274	0.7872407	0.700483	1.59238
3684	-34.08725	-51.73629	17.64904	0.8791955	0.9833889	0.700483	1.026288
3690	-35.31232	-52.27972	16.9674	0.6298033	2.110889	0.700483	1.11765
3696	-39.71243	-54.25561	14.54317	0.5903536	3.85958	1.018186	2.106425
3702	-36.68622	-53.00235	16.31613	0.5782621	3.85958	0.2878185	1.633732
3708	-33.74412	-50.08985	16.34573	1.535638	1.77028	0.9396528	0.7166802
3714	-30.50179	-49.64591	19.14411	0.8374616	0.627926	0.1959489	0.9513012
3720	-35.96553	-53.64947	17.68394	3.103349	0.4650336	0.1054138	0.3925014
3726	-36.35739	-54.35964	18.00226	1.79966	0.4650336	0.1054138	1.582203
3732	-37.196	-55.15243	17.95643	2.869975	0.4650336	0.09937491	0.4227557
3738	-34.33423	-53.12996	18.79573	1.229345	0.4650336	0.380965	0.6089954
3744	-37.17774	-54.03327	16.85553	2.562117	1.122365	0.282605	0.380384
3750	-29.96728	-48.53617	18.56889	0.6969493	0.4917917	0.7290675	0.8737001
3756	-32.33386	-51.39843	19.06457	0.4841836	0.4917917	0.1341864	1.650737
3762	-31.77335	-48.58942	16.81607	1.58143	1.392348	0.7502556	0.654421
3768	-31.74104	-48.77227	17.03123	0.596492	1.392348	0.7502556	1.430225
3774	-28.88189	-47.38067	18.49877	0.5380986	0.6178634	0.7502556	0.8832723
3780	-29.49215	-45.3975	15.90534	0.6951879	1.206779	1.212214	1.933742
3786	-31.36639	-47.63372	16.26733	1.03382	1.206779	0.4711135	2.05276
3792	-32.04023	-47.61425	15.57402	0.958394	1.206779	1.089766	2.05276
3798	-28.89571	-46.68357	17.78786	0.3119934	2.480529	0.385073	0.9239496
3804	-28.18942	-45.32926	17.13983	0.8154164	2.549352	0.3369883	1.129532
3810	-34.84692	-50.12664	15.27973	0.1964728	1.053738	5.475651	1.509655
3816	-33.40281	-50.42294	17.02013	0.8203983	1.053738	0.7902475	1.453691
3822	-32.33484	-48.58964	16.25479	0.3581362	1.151043	1.991966	1.57332
3828	-29.90684	-50.7489	20.84207	0.3724108	0.1423081	0.1513554	0.8946169
3834	-33.29619	-50.18453	16.88833	0.634891	2.434231	0.2865276	1.607889
3840	-33.79895	-48.35588	14.55693	0.7888632	2.434231	3.323978	1.414436
3846	-29.05716	-47.01195	17.95479	0.8711472	0.4447425	1.346655	0.7557831
3852	-28.1708	-47.62282	19.45202	0.1719116	0.1496571	1.043558	0.9794328
3858	-34.93983	-50.2523	15.31247	3.001364	1.48451	0.788431	0.4428554
3864	-34.03175	-50.19562	16.16387	0.630774	1.698248	1.473284	1.375706
3870	-33.93332	-50.76077	16.82744	0.8414542	1.245595	0.6884212	1.548266
3876	-42.92076	-51.45731	8.536553	2.640861	1.245595	33.37128	2.288604
3882	-39.89998	-51.94613	12.04615	0.3667765	3.000715	12.92952	1.899151
3888	-38.73306	-50.44999	11.71693	1.622082	3.000715	10.98362	1.424331
3894	-42.45155	-54.55936	12.10781	2.35709	2.042752	9.737558	1.031055
3900	-39.77371	-53.18591	13.4122	1.908841	2.361328	5.357436	0.8880285
3906	-37.93622	-53.2111	15.27488	2.026283	1.624623	1.689964	0.7998245
3912	-36.75117	-56.6548	19.90363	0.2501811	0.5084846	0.174639	1.027362
3918	-34.99077	-51.16721	16.17644	0.7066066	0.9201708	0.7756484	2.220508
3924	-28.64079	-48.83199	20.19121	0.01690042	0.545941	0.09659597	1.188018
3930	-26.31981	-46.17219	19.85238	0.06183501	0.8507985	0.09659597	1.092476
3936	-30.47193	-49.39353	18.92161	0.742481	1.206917	0.1418577	0.792574
3942	-31.88123	-50.90096	19.01973	2.104893	0.294336	0.02414164	1.095608
3948	-40.46236	-56.09867	15.63631	1.32237	2.403607	0.4127577	1.828317
3954	-32.47561	-49.54611	17.0705	1.018803	2.403607	0.4127577	0.9191569
3960	-36.94568	-53.42358	16.4779	2.500055	1.636708	0.1841397	1.030739
3966	-27.65083	-44.40699	16.75616	0.6303295	1.238711	0.5720493	1.868084
3972	-34.87478	-48.17662	13.30184	1.63792	1.153925	1.322294	2.953129
3978	-31.42784	-47.11072	15.68288	1.423742	1.410449	1.322294	1.384431
3984	-28.96361	-45.43515	16.47154	0.1461055	2.456495	1.322294	1.262196
3990	-30.89342	-46.1542	15.26079	0.5577793	4.173092	2.113594	0.8676305
3996	-31.55069	-45.68644	14.13576	1.220964	5.420261	2.533512	0.3425444
4002	-33.88888	-46.79977	12.9109	0.8680256	1.518166	5.385046	2.410928
4008	-32.32256	-46.45808	14.13553	1.185434	1.518166	6.354075	1.150909
4014	-35.28735	-51.15863	15.87128	1.42813	0.4449649	3.532555	1.154456
4020	-31.93343	-51.63187	19.69844	0.5206855	0.2320728	0.4431236	0.8984445
4026	-33.76631	-50.58206	16.81576	1.958781	2.523715	0.1938003	0.470471
4032	-34.03983	-50.52967	16.48984	0.7312933	0.3101073	1.449455	2.184712
4038	-32.45976	-48.46241	16.00266	0.7292318	0.4799805	1.985947	2.053759
4044	-30.36905	-46.9868	16.61776	1.623262	0.5879613	1.985947	0.4189872
4050	-29.34109	-43.79793	14.45684	1.811598	2.466673	2.927444	0.5860607
4056	-35.26542	-49.71176	14.44634	2.357528	0.5912409	2.769364	1.604969
4062	-44.14329	-56.37338	12.2301	1.999848	1.361894	13.87451	1.143192
4068	-41.44292	-53.924	12.48109	2.396654	0.3279198	15.50805	1.503431
4074	-36.58688	-50.12166	13.53479	3.226604	0.2337672	7.387056	0.1663421
4080	-32.8263	-46.78216	13.95586	0.860623	1.19652	5.340306	1.909376
4086	-35.27979	-50.48717	15.20738	0.03451551	2.430906	2.461688	1.768546
4092	-36.02755	-52.123	16.09545	0.004527246	1.640636	1.661071	1.814133
4098	-33.23398	-50.19107	16.95709	0.1839162	0.5748661	1.661071	1.814133
4104	-41.5634	-51.29431	9.730909	1.443109	0.8548442	6.729036	4.115937
4110	-36.59324	-52.97492	16.38168	0.709836	0.5748661	4.946754	0.5757291
4116	-31.29352	-46.544	15.25048	0.2212203	1.200186	3.469794	1.861834
4122	-34.54048	-49.44431	14.90383	0.3702472	1.200186	3.513465	1.984279
4128	-33.96691	-49.23578	15.26887	1.38359	0.9801764	1.686771	1.797456
4134	-29.7327	-47.22236	17.48966	0.04371831	0.9801764	1.401592	1.296022
4140	-42.00345	-55.4397	13.43625	1.651008	0.908027	13.57569	0.6832443
4146	-33.23046	-48.12961	14.89915	0.322014	1.920656	6.969685	0.844667
4152	-39.28931	-49.45039	10.16109	0.9110876	1.920656	11.4191	3.203825
4158	-37.40626	-49.08291	11.67666	0.504688	1.958789	8.646825	2.786953
4164	-41.50255	-53.32099	11.81843	0.9942637	3.730692	11.99359	1.501215
4170	-41.89635	-53.44938	11.55303	1.313454	1.152469	23.24619	1.653194
4176	-40.34458	-52.80877	12.46418	1.190139	1.152469	14.74108	1.653194
4182	-38.10996	-49.87517	11.76522	2.11362	1.152469	14.74108	1.48845
4188	-31.87597	-46.9711	15.09513	0.6230574	1.152469	3.891076	1.611591
4194	-34.40732	-47.76533	13.35801	2.015797	0.9462275	8.686881	1.125794
4200	-28.73497	-42.69466	13.95969	1.827356	0.9462275	8.686881	0.6246306
4206	-32.56001	-46.95889	14.39888	1.827356	0.3961411	8.686881	1.043651
4212	-33.67271	-49.8217	16.149	0.64236	2.803657	1.504708	0.7868378
4218	-36.69789	-51.44858	14.7507	2.373608	0.7779866	3.720474	0.7493396
4224	-33.93673	-49.33386	15.39713	1.631317	0.9379562	2.601087	1.152391
4230	-36.60882	-51.30272	14.6939	1.684506	1.207109	3.9381	1.021173
4236	-36.57973	-51.53984	14.96011	1.826322	0.3604039	4.669	1.400494
4242	-35.90557	-48.61961	12.71404	1.494875	3.307257	5.823629	1.400494
4248	-41.59071	-56.34331	14.75259	1.643603	0.8133337	4.455888	1.210336
4254	-33.49378	-48.74105	15.24727	1.643603	0.6039164	5.466963	0.6255634
4260	-34.28497	-51.04539	16.76042	0.4009537	0.9994151	2.862452	0.8311967
4266	-33.24374	-51.26735	18.02361	0.4372378	3.606632	0.1299705	0.7203431
4272	-40.55457	-55.2775	14.72293	2.319828	2.768566	0.9734448	1.033573
4278	-34.91148	-52.06686	17.15538	0.1498406	3.11357	0.7326077	0.888035
4284	-32.34191	-50.56698	18.22506	1.132117	1.940991	0.09455316	0.7472759
4290	-33.58732	-51.81642	18.2291	0.3623367	1.655584	0.4698358	0.6965074
4296	-32.70951	-51.8985	19.18899	0.7527602	0.6164746	0.1994194	0.9981318
4302	-35.14199	-50.29105	15.14907	1.163382	2.930114	1.426813	1.264908
4308	-38.77125	-54.92833	16.15707	1.062425	1.162807	1.744771	1.210083
4314	-32.68094	-49.18611	16.50516	1.062425	9.582358	0.02999115	0.5682229
4320	-34.99237	-49.86609	14.87372	1.24254	15.30576	0.06230667	1.215416
4326	-31.53902	-46.18468	14.64566	1.042343	27.6604	0.01748439	0.7848044
4332	-25.89445	-45.20987	19.31543	0.7174697	0.6951736	0.2041391	0.7467694
4338	-27.61829	-45.80155	18.18326	1.560917	1.011862	0.2041391	0.6129556
4344	-38.26797	-52.87876	14.61079	2.624017	2.910991	1.02311	0.3776526
4350	-28.5853	-48.15489	19.56959	1.11377	0.4496497	0.1156882	0.7813514
4356	-31.78255	-48.85012	17.06756	1.17302	0.8133712	1.398192	0.7813514
4362	-34.86925	-51.25148	16.38223	1.924387	0.8133712	1.398192	0.3577717
4368	-34.68015	-52.72614	18.04599	1.483413	0.6677997	0.4808184	0.6179075
4374	-47.1613	-62.17558	15.01428	2.028352	1.508303	0.3200249	2.257257
4380	-36.62772	-54.90714	18.27943	1.465104	0.5882878	0.3200249	0.9227775
4386	-41.41151	-54.42362	13.01212	0.1736035	0.8862607	13.46912	2.247737
4392	-38.90642	-55.92914	17.02272	0.482343	0.3134111	4.593072	0.8588123
4398	-33.4503	-49.83815	16.38786	0.2839877	2.524268	0.667387	1.705386
4404	-29.38403	-48.80531	19.42129	0.4965082	0.1979871	0.667387	0.9547885
4410	-33.51005	-50.28839	16.77834	0.595207	1.064434	0.7429024	1.824493
4416	-30.92519	-47.46353	16.53835	0.6829774	1.852199	0.7429024	1.503326
4422	-27.7191	-47.12851	19.40941	0.1843703	0.4462469	0.3462317	1.227272
4428	-28.72685	-47.37963	18.65278	0.6693098	0.4462469	0.3620894	1.419183
4434	-31.01456	-48.11521	17.10065	0.4187066	1.464624	0.8395565	1.389386
4440	-33.54302	-48.5783	15.03528	1.746064	1.464624	1.624763	1.429794
4446	-25.87966	-43.11755	17.23789	1.044153	0.438433	1.645801	1.119638
4452	-30.40972	-47.62105	17.21133	1.065074	0.5084095	0.7818367	1.635755
4458	-31.32456	-47.61925	16.29469	1.565274	0.5084095	2.909883	0.6817494
4464	-33.12615	-51.50689	18.38074	1.80743	0.3561397	0.3650673	0.3111559
4470	-31.54562	-50.10621	18.56059	1.517676	0.4808813	0.3478407	0.4381597
4476	-30.78298	-49.37224	18.58926	1.11986	0.4889846	0.2842988	1.185057
4482	-32.34956	-48.48123	16.13168	0.876295	1.869895	1.758884	0.9059262
4488	-30.55664	-48.35995	17.80331	0.7127156	1.277501	0.6523372	0.8142159
4494	-30.21442	-47.47019	17.25577	0.3283636	2.236993	0.6523372	1.124889
4500	-35.45777	-50.83646	15.37868	2.015434	1.078861	2.384915	0.7119856
4506	-32.04458	-49.93927	17.89469	2.015434	0.7387887	0.1470596	1.036131
4512	-33.2634	-50.21588	16.95248	2.162367	0.8012803	0.6254265	0.669763
4518	-34.98448	-50.38052	15.39604	1.842762	0.8012803	3.053715	0.8967396
4524	-32.02318	-49.12258	17.0994	0.9370746	0.8029041	1.565677	0.8957416
4530	-30.09735	-47.42928	17.33193	0.7281152	1.341932	0.5065747	1.393599
4536	-36.71907	-53.5919	16.87283	0.5358065	1.341932	1.029455	1.393599
4542	-31.2741	-48.5518	17.2777	0.6753035	3.269961	0.1361397	1.335582
4548	-28.73315	-45.61825	16.8851	0.9245911	2.964576	0.4589982	0.8431019
4554	-29.09672	-46.51483	17.41812	0.8717105	1.530958	0.6134436	0.9145574
4560	-28.94775	-47.94384	18.99609	0.2294413	1.028205	0.4135616	0.6484285
4566	-30.39436	-50.52449	20.13012	0.02428455	0.1823019	0.4135616	1.157778
4572	-37.70144	-58.38503	20.6836	0.5164777	0.1104039	0.2577258	0.6265363
4578	-31.39321	-48.2872	16.89399	1.115501	1.844561	0.2353808	1.588645
4584	-30.23742	-51.37885	21.14143	1.181169	0.008969075	0.008205279	0.6506621
4590	-28.64763	-48.0476	19.39996	0.2941694	0.06417698	0.002396679	2.314859
4596	-28.64248	-48.6147	19.97222	0.1963007	0.1349113	0.0026069	1.830173
4602	-28.49527	-46.41196	17.91669	0.09741977	1.198696	0.004659782	2.298257
4608	-30.90927	-48.26303	17.35376	0.9943397	1.198696	0.004659782	2.081801
4614	-32.6831	-48.73005	16.04696	0.712616	1.069472	2.274633	1.400727
4620	-28.64291	-45.34335	16.70044	0.2308981	1.229697	0.377406	2.391008
4626	-39.62902	-53.58107	13.95205	1.612523	1.229697	1.623977	2.388955
4632	-34.39013	-51.59062	17.20049	0.9451947	0.5939289	1.623977	1.024822
4638	-38.39165	-54.79403	16.40238	1.10703	0.564938	0.582813	2.271353
4644	-30.42426	-48.70394	18.27968	0.2539662	0.564938	0.3581789	1.85327
4650	-27.75898	-46.25825	18.49927	0.2858768	0.564938	0.8553684	1.092293
4656	-31.01918	-47.12251	16.10332	0.03365041	2.149285	1.876759	1.461575
4662	-33.07775	-50.06279	16.98504	0.4779899	2.149285	0.5766865	1.357411
4668	-29.71766	-46.76576	17.0481	0.8931156	2.345481	0.3449582	1.215794
4674	-24.9641	-42.36117	17.39706	0.3191533	1.203951	1.056861	1.215794
4680	-24.90847	-43.29656	18.38809	0.2006058	0.4706949	1.056861	1.215794
4686	-26.28331	-45.098	18.81469	0.1305527	0.2783308	0.3961584	1.891762
4692	-30.96863	-49.51213	18.5435	0.4094204	0.3848888	0.1530221	2.142245
4698	-31.62674	-52.11794	20.4912	0.07375154	0.1010525	0.1722037	1.534451
4704	-37.15601	-57.31909	20.16308	0.1138866	0.2277414	0.4659471	0.7927333
4710	-30.79431	-52.25234	21.45804	0.03274486	0.1635694	0.03914841	1.035262
4716	-28.29243	-49.84479	21.55236	0.1539778	0.1056068	0.03914841	1.035262
4722	-28.58576	-50.30491	21.71915	0.09233573	0.02912444	0.1492654	0.7813738
4728	-24.71347	-44.90174	20.18827	0.7300865	0.2932764	0.1323134	0.8083143
4734	-29.69052	-50.804	21.11347	0.7680799	0.08831695	0.07109905	0.7338368
4740	-28.6808	-47.65204	18.97125	0.7012534	0.303271	0.5018575	1.159239
4746	-30.9534	-49.09992	18.14651	1.419681	0.4379055	0.3974962	1.174806
4752	-27.76376	-45.36439	17.60062	0.9370668	0.6074658	0.7696169	1.334952
4758	-28.97557	-48.08355	19.10798	1.060007	0.3198195	0.1365229	1.430665
4764	-31.4887	-47.6488	16.1601	0.8593716	3.627225	0.8856525	0.7710932
4770	-29.14503	-46.36545	17.22042	0.3362103	6.217922	0.06322338	1.188782
4776	-30.32789	-49.40488	19.07699	0.6705945	1.055027	0.06322338	1.188782
4782	-34.44715	-53.85332	19.40616	0.9225093	0.732643	0.127407	0.5512218
4788	-33.10291	-52.84848	19.74556	0.7863817	0.5902561	0.1144259	0.6668923
4794	-29.05232	-47.95423	18.90191	0.8430849	0.4405803	0.1144259	1.628321
4800	-27.26794	-47.0345	19.76656	0.7021683	0.4269726	0.1360546	0.9870459
4806	-30.92	-49.85492	18.93492	1.05216	0.4269726	0.4411736	0.4239402
4812	-28.73447	-47.94735	19.21288	1.133118	0.4169711	0.1534605	1.064298
4818	-28.00715	-48.37319	20.36604	0.4670978	0.2470962	0.1534605	0.9525733
4824	-36.49751	-53.02309	16.52559	0.7237679	1.054792	1.457531	1.428571
4830	-38.13908	-52.75759	14.6185	1.540708	1.444998	3.290903	1.256963
4836	-39.39112	-55.1811	15.78997	2.162486	0.9286757	1.734064	0.3754718
4842	-40.4809	-57.27859	16.79768	0.8481708	0.6833462	1.897268	1.204646
4848	-33.4474	-52.18865	18.74125	0.6731667	0.311725	0.1317638	1.990539
4854	-41.75993	-55.64426	13.88433	1.168803	4.0084	3.875486	0.9288074
4860	-36.96761	-52.20743	15.23982	1.135223	1.145857	3.875486	1.096089
4866	-31.36123	-49.46993	18.1087	0.09313422	0.6280753	0.4461295	1.901218
4872	-30.76358	-47.91315	17.14957	0.03907116	3.076461	0.2504895	1.702224
4878	-30.35157	-45.95358	15.60202	0.7132853	3.076461	1.610413	1.092187
4884	-32.62698	-47.91038	15.2834	0.07776336	0.6562737	1.610413	2.897394
4890	-28.0625	-43.21492	15.15243	0.2087354	0.6562737	1.610413	2.897394
4896	-29.10685	-45.17047	16.06362	0.2470676	2.203766	1.610413	1.43914
4902	-23.80662	-44.17566	20.36904	0.6474799	0.1537551	0.2721803	0.5819592
4908	-30.60266	-46.10588	15.50321	0.4606784	1.066731	2.689481	1.83111
4914	-30.75232	-48.52599	17.77367	0.2457739	1.384697	0.6283406	1.250556
4920	-32.22285	-48.74411	16.52126	2.418376	0.7290063	0.8003297	0.3208456
4926	-34.90108	-50.78991	15.88883	1.109389	3.859751	0.7275508	0.9235117
4932	-34.27731	-47.8569	13.57959	2.038004	3.859751	2.898495	0.306104
4938	-33.04193	-48.32329	15.28136	1.233818	1.630457	2.898495	0.9574104
4944	-32.5918	-48.11561	15.52381	1.592576	0.8095444	2.898495	1.07863
4950	-33.48832	-49.26081	15.77249	1.84124	1.898288	0.9091228	0.9860136
4956	-30.83516	-47.89446	17.0593	0.4136007	0.6226364	1.096027	1.845395
4962	-33.35411	-48.57454	15.22043	0.6622403	0.6790625	0.6409754	3.120905
4968	-28.07292	-44.24504	16.17213	0.3748581	1.749449	1.059167	1.787877
4974	-37.35456	-50.96704	13.61248	0.3584622	1.749449	1.059167	3.396798
4980	-35.57708	-51.60605	16.02896	1.604146	1.761375	1.00692	0.9505834
4986	-42.22157	-61.44979	19.22822	0.4695305	0.4554783	0.3179661	1.177027
4992	-33.8857	-50.71055	16.82485	0.6248119	1.645284	0.1449289	2.247133
4998	-32.99631	-48.50489	15.50858	0.4749267	1.532464	1.082689	2.247133
5004	-34.51184	-50.05605	15.54421	2.147417	1.7849	1.082689	0.7748986
5010	-31.22907	-47.88463	16.65556	2.170391	0.6915537	0.7742124	0.2133243
5016	-34.2875	-47.42076	13.13326	0.5754415	0.6915537	1.229362	4.008907
5022	-40.74097	-53.42844	12.68747	1.20884	11.95222	1.56176	1.489649
5028	-37.90751	-52.29658	14.38907	1.415465	13.53848	0.4134517	0.384126
5034	-37.8106	-56.08485	18.27425	1.388545	0.2063376	1.039216	0.3351806
5040	-37.92325	-55.92926	18.00601	1.688722	0.2063376	1.039216	0.6515606
5046	-39.50676	-56.67605	17.16929	0.9890211	0.8468746	0.3966923	1.80551
5052	-33.19087	-52.10115	18.91027	1.3961	0.9238366	0.07648292	0.403244
5058	-33.81977	-52.08945	18.26968	1.748074	0.9523809	0.03606407	1.159809
5064	-35.17621	-53.09821	17.922	1.748074	1.77107	0.03606407	0.8446407
5070	-42.03819	-57.9258	15.88761	3.45074	0.796468	0.04826493	0.05799479
5076	-35.46509	-54.32559	18.8605	2.004998	0.3901252	0.04826493	1.044716
5082	-31.74588	-48.52562	16.77974	2.500535	0.9945498	0.1929699	0.1431685
5088	-30.3295	-46.95992	16.63042	0.6085204	2.612143	0.1134677	2.106448
5094	-38.73859	-51.73567	12.99707	1.244841	1.032368	2.368695	3.040403
5100	-39.28486	-55.28944	16.00458	1.220414	3.987547	0.3912931	1.166454
5106	-39.09189	-55.15779	16.0659	0.9543458	3.987547	0.4175902	1.296536
5112	-29.18771	-45.96217	16.77446	0.6113152	3.426451	0.3828863	1.215578
5118	-29.7983	-46.37853	16.58023	0.3639919	0.4998743	0.6477409	2.632939
5124	-30.3053	-47.50867	17.20337	1.550966	1.275257	0.5274889	0.7407987
5130	-31.73691	-48.97792	17.24101	0.8033112	1.275257	0.4359264	1.539293
5136	-34.14066	-51.20105	17.06039	1.123078	0.769489	1.116027	1.146872
5142	-30.34846	-48.15628	17.80783	1.462823	0.769489	0.315714	1.156471
5148	-42.17019	-52.43632	10.26613	3.638761	1.681435	2.418952	2.914228
5154	-34.51084	-49.56837	15.05753	0.4329461	1.681435	1.521138	2.265161
5160	-32.19087	-51.60316	19.41229	0.1273457	0.2278342	0.8345823	1.039987
5166	-29.77813	-48.93786	19.15974	0.3394698	0.1873293	0.8345823	1.184578
5172	-27.21386	-45.27505	18.06119	0.362394	0.6333603	0.8660927	1.306984
5178	-28.33107	-45.11439	16.78332	0.95473	0.6333603	1.601549	1.343643
5184	-32.36204	-47.8097	15.44766	0.9360272	0.7390136	3.043478	1.677346
5190	-32.98523	-49.31535	16.33012	1.186896	0.833342	1.292272	1.499996
5196	-28.69447	-47.08923	18.39476	0.7416429	0.833342	0.349637	1.143216
5202	-25.29169	-45.61403	20.32234	0.2865565	0.2768315	0.1393376	1.143216
5208	-27.19217	-47.40324	20.21106	0.1792268	0.2768315	0.1072339	1.424723
5214	-24.19428	-45.40062	21.20633	0.2408135	0.08727073	0.0376773	1.335052
5220	-27.70147	-48.44899	20.74751	1.031336	0.08727073	0.0376773	1.048302
5226	-29.40855	-47.99224	18.58369	0.5271064	0.3622875	1.01548	0.9573468
5232	-29.72736	-48.56714	18.83978	0.05121547	0.240762	1.01548	1.398899
5238	-29.90255	-46.8058	16.90325	0.3407441	0.5457616	1.01548	2.12639
5244	-34.18044	-51.21132	17.03088	1.365214	0.7276587	1.081298	1.027895
5250	-24.72955	-44.22764	19.49809	0.4991639	0.7276587	0.08967103	1.176684
5256	-29.91667	-47.48366	17.56699	1.865809	0.7276587	0.3472638	0.9882633
5262	-32.18719	-48.08627	15.89908	1.561723	0.6899449	1.045038	1.82391
5268	-33.24463	-48.879	15.63437	1.423906	1.0109	3.440264	0.5715358
5274	-31.18765	-47.88012	16.69247	0.08390847	0.5171987	1.658951	2.119881
5280	-38.89202	-55.79551	16.90349	0.451779	1.346154	0.2928083	2.17574
5286	-38.44241	-55.0024	16.55999	1.437154	1.346154	0.9091061	0.9866294
5292	-32.72714	-48.5638	15.83667	1.32012	1.346154	1.651948	1.184323
5298	-33.9155	-50.14709	16.23159	1.419326	1.346154	1.651948	0.4259119
5304	-35.38259	-50.44063	15.05804	0.4377166	1.20572	1.487231	2.506547
5310	-31.24997	-49.71236	18.46239	0.1998263	1.003841	0.16917	1.731601
5316	-31.74087	-48.24717	16.5063	0.2931581	6.869849	0.05891945	1.676668
5322	-31.01597	-48.28867	17.2727	0.0207728	2.140389	0.1841755	2.065235
5328	-31.02568	-47.81091	16.78523	0.5156948	2.140389	0.1841755	2.060313
5334	-32.1833	-49.53109	17.34779	1.30068	1.606123	0.3298198	1.003063
5340	-33.73175	-51.10993	17.37818	1.30068	1.606123	0.3298198	0.9722812
5346	-27.70378	-45.61075	17.90697	1.638645	0.4299734	0.563519	0.2257589
5352	-30.92335	-50.60368	19.68033	1.146622	0.04797421	0.563519	0.3129653
5358	-29.7935	-48.87201	19.07852	1.316364	0.04797421	0.815852	0.2503623
5364	-32.38584	-47.36026	14.97442	1.035145	1.610009	2.187637	1.66804
5370	-31.51001	-48.14341	16.63339	0.6532657	0.9346103	1.838324	1.288247
5376	-31.64876	-48.21988	16.57112	1.346351	0.8618121	1.838324	0.7245397
5382	-33.38407	-52.03365	18.64957	1.406932	0.7688296	0.1842596	0.3769397
5388	-31.25052	-48.04572	16.7952	0.7573039	5.269844	0.1842596	0.9716145
5394	-25.5269	-44.31956	18.79266	0.5695305	0.4152994	0.6987479	0.9596066
5400	-26.55258	-45.69547	19.14289	0.38882	1.200392	0.2032106	0.698087
5406	-30.94601	-46.63803	15.69201	0.5958196	8.248381	0.2032106	1.443354
5412	-32.56058	-48.65302	16.09244	1.153844	8.248381	0.06530401	1.080109
5418	-33.06176	-48.68844	15.62668	0.2584842	8.248381	0.2267962	1.689694
5424	-42.29611	-58.93372	16.63761	2.365771	0.8638747	0.158371	1.61929
5430	-43.20709	-60.48623	17.27914	2.365771	1.657693	0.08707833	0.4092901
5436	-33.08404	-49.71474	16.6307	1.797615	1.657693	0.6041878	0.5790418
5442	-34.02539	-49.7776	15.7522	1.931109	0.9542632	2.110025	0.6784477
5448	-41.87593	-52.84044	10.96451	3.720679	1.132735	15.16402	0.6753973
5454	-37.06383	-52.03436	14.97053	1.15525	0.9929616	4.542683	1.252141
5460	-29.85615	-47.07164	17.21548	0.6510427	0.9929616	1.120414	1.204746
5466	-28.47098	-48.37525	19.90427	0.07085059	0.3719558	0.3829529	0.9318549
5472	-30.44351	-46.49179	16.04828	0.004937909	0.4899806	1.934701	2.497786
5478	-30.29123	-46.5049	16.21367	0.0337278	0.472488	2.816872	2.101532
5484	-31.37971	-46.66096	15.28125	0.07459184	1.522389	2.816872	1.948613
5490	-31.92226	-49.05629	17.13402	0.188136	0.4672391	3.326402	1.169069
5496	-35.03742	-51.36249	16.32506	1.228873	0.5637878	3.326402	0.7588282
5502	-35.77178	-54.07207	18.30029	0.8560034	0.5637878	0.8482566	0.6587781
5508	-36.2946	-51.74182	15.44722	2.138306	1.081916	1.745332	0.9350534
5514	-40.45568	-58.44466	17.98897	1.446347	0.245166	0.9843003	0.9350534
5520	-45.76548	-54.47626	8.710785	0.9137813	1.381885	21.36764	3.64877
5526	-34.16517	-49.19051	15.02534	0.9769872	1.006681	6.227213	0.9400983
5532	-30.31951	-45.89679	15.57728	0.7968917	0.8544254	3.956998	1.322993
5538	-33.1977	-48.06241	14.86472	0.2809257	0.8710949	3.97266	2.173524
5544	-32.11469	-49.5904	17.47571	0.495541	0.2529585	1.214963	1.905098
5550	-34.55067	-49.78849	15.23782	0.2274181	0.6194719	0.2364079	3.857624
5556	-33.58538	-51.82737	18.24199	1.592599	0.8360876	0.2364079	0.391741
5562	-27.71427	-47.4346	19.72032	0.6658977	0.3411748	0.1347287	1.223125
5568	-33.19466	-49.73329	16.53863	1.273288	7.188317	0.0718037	0.520978
5574	-30.86474	-46.9795	16.11476	1.069667	7.188317	0.2476236	0.421063
5580	-33.64221	-47.98727	14.34506	1.028683	26.44917	0.06584556	0.201999
5586	-42.38178	-54.91365	12.53187	1.269405	49.61414	0.2651542	0.5234278
5592	-31.24991	-46.25835	15.00844	1.584783	10.58147	0.2347655	0.3666226
5598	-32.94973	-49.93651	16.98679	1.338965	1.988188	0.5168098	0.3738296
5604	-35.40685	-51.08456	15.67772	0.5168703	5.98642	1.011749	0.7708228
5610	-35.53225	-51.31007	15.77782	0.5947458	5.98642	0.8231881	0.8031354
5616	-38.4341	-54.93761	16.50351	1.212823	1.292037	0.6469229	1.525785
5622	-36.32382	-51.49887	15.17505	1.376477	1.596446	0.1788197	2.75851
5628	-33.7805	-52.31176	18.53126	0.3276709	0.5797404	0.2359072	1.812754
5634	-29.51749	-49.33148	19.81399	0.5463763	0.7251146	0.1092031	0.6837692
5640	-33.08543	-50.39643	17.311	1.715855	0.7251146	0.5694553	0.2021284
5646	-28.158	-46.93685	18.77885	0.2887403	1.953805	0.1167995	0.9751873
5652	-25.63844	-44.81129	19.17285	0.7411692	0.8329245	0.1638792	0.8498018
5658	-30.14354	-47.5151	17.37156	0.3842884	0.241601	1.413483	1.961561
5664	-37.01444	-51.81606	14.80162	0.2966995	3.677516	1.413483	1.944803
5670	-28.58858	-47.77997	19.19139	1.045638	0.2102528	0.4274392	0.9757851
5676	-30.29996	-50.02031	19.72035	0.4800514	0.2102528	0.2713822	1.305708
5682	-29.61851	-45.31902	15.70051	1.463257	1.137736	2.776836	0.6906563
5688	-28.54026	-47.79502	19.25476	0.4942909	0.4051938	0.4912419	0.8916658
5694	-36.31597	-52.42507	16.1091	0.4871032	2.947501	0.867249	1.439486
5700	-38.2009	-52.6064	14.4055	1.361727	1.224397	4.296739	1.427966
5706	-42.517	-57.12101	14.60401	1.564361	1.224397	2.698703	1.582572
5712	-35.56111	-52.34437	16.78325	1.22759	6.093364	0.07869186	0.4238523
5718	-32.48273	-52.3571	19.87437	0.3568538	0.9292704	0.04847924	0.917418
5724	-31.69101	-49.35056	17.65955	1.355252	0.9292704	0.03874178	1.918684
5730	-32.07442	-50.47014	18.39572	0.36265	0.9292704	0.7864443	0.6793891
5736	-28.1426	-47.60455	19.46196	0.199851	0.2470466	0.7864443	0.9196215
5742	-36.20681	-53.8174	17.61059	0.9551997	0.9872263	0.4926326	1.261244
5748	-33.8954	-49.63013	15.73473	2.149449	0.6631731	1.561984	0.1426523
5754	-37.37611	-52.41094	15.03482	2.040807	2.2654	1.561984	0.3495342
5760	-29.49296	-46.14201	16.64905	2.152092	0.1420505	2.796269	0.6031785
5766	-32.92474	-46.39935	13.47461	2.016626	0.892086	9.312426	0.9649906
5772	-31.97978	-48.84453	16.86475	1.066917	0.892086	0.9325856	1.387966
5778	-33.18848	-49.96648	16.77801	0.5015558	0.8034363	1.547663	1.556621
5784	-31.59604	-46.50809	14.91205	1.423478	1.561208	4.198218	0.5621011
5790	-33.09911	-48.08721	14.9881	1.090143	1.544727	4.198218	0.9688451
5796	-36.48918	-50.49921	14.01003	0.2532584	3.064655	6.154161	1.372313
5802	-35.39545	-47.23144	11.83599	0.7215138	1.189755	9.34497	2.820343
5808	-33.11058	-49.95691	16.84633	0.09150045	0.5945066	1.219712	2.155417
5814	-30.86623	-47.47349	16.60727	0.1597389	2.547838	1.219712	1.169893
5820	-29.13128	-45.75785	16.62657	0.7563593	1.173962	1.219712	1.387842
5826	-30.61743	-45.59248	14.97505	0.05455601	1.682806	2.356643	2.234499
5832	-30.39323	-46.5925	16.19927	0.03265984	0.5979602	2.356643	2.126263
5838	-31.48547	-47.38795	15.90248	0.05590661	1.426893	2.041871	1.854068
5844	-30.44713	-47.97377	17.52664	0.1246231	1.426893	1.50496	0.680249
5850	-35.55495	-47.5998	12.04485	0.605849	0.6017407	8.764342	3.215671
5856	-35.10634	-51.73465	16.62831	0.06531109	1.872251	2.171873	0.977036
5862	-32.55993	-50.29806	17.73813	1.636804	0.7756128	0.4588685	0.726063
5868	-35.72058	-52.11295	16.39237	1.898635	2.103433	0.2693289	1.177
5874	-31.47371	-50.33932	18.86561	0.597607	1.512941	0.154591	0.6495579
5880	-28.50539	-47.20944	18.70404	1.052465	0.6333257	0.3289392	0.8084509
5886	-28.18639	-46.32271	18.13632	0.8474189	1.163718	0.3289392	1.016978
5892	-33.08892	-49.70333	16.61441	0.8649136	2.271441	0.6633417	1.187837
5898	-30.95934	-49.30672	18.34739	0.9030206	1.311645	0.07483541	1.365496
5904	-35.03869	-53.331	18.29231	2.118387	0.5448527	0.02973694	1.284884
5910	-30.1409	-48.73775	18.59685	1.523644	1.283337	0.02973694	0.3102222
5916	-33.55169	-49.4993	15.94761	0.599063	1.874365	1.121338	1.691627
5922	-28.57635	-47.90438	19.32803	0.6226556	0.1778762	0.209981	1.691627
5928	-28.01657	-46.73672	18.72014	0.06459629	0.5538596	0.2833605	1.807279
5934	-29.58358	-47.73278	18.1492	0.01116858	0.3548025	0.6760509	2.003397
5940	-26.38239	-45.9716	19.58921	0.3847813	0.1475907	0.5767028	1.178091
5946	-30.82404	-48.44393	17.61989	0.8868874	0.2191131	0.7410172	1.934934
5952	-33.90023	-49.19727	15.29704	1.527901	0.4830212	2.332961	1.858838
5958	-34.91366	-51.06293	16.14927	1.216075	0.4830212	0.8309783	2.240968
5964	-33.3281	-52.02062	18.69253	1.062386	0.8660428	0.1459145	1.045005
5970	-31.45044	-47.84047	16.39004	0.4708709	8.35896	0.1459145	1.106553
5976	-31.23128	-48.46762	17.23635	0.5921154	1.277655	0.341581	1.82399
5982	-31.44729	-49.07951	17.63223	0.745483	0.6972186	0.3108422	1.902953
5988	-30.98321	-49.3612	18.37799	0.2426092	0.4299704	0.5448966	1.717035
5994	-30.86024	-47.86383	17.00359	0.1127074	1.787077	0.5004963	1.854418
6000	-28.22058	-44.49071	16.27013	0.8074371	4.104092	0.06293218	1.974578
6006	-36.29562	-51.53294	15.23732	0.6214285	5.859269	0.251316	2.010843
6012	-35.90661	-51.39501	15.4884	0.5322164	4.559422	0.531353	1.760086
6018	-35.40909	-52.14171	16.73262	0.6680208	2.045532	0.7319838	1.283589
6024	-28.21339	-44.75045	16.53705	0.8188042	1.027851	0.7474092	1.857066
6030	-28.86659	-46.53421	17.66762	1.053959	1.027851	0.7474092	0.6470129
6036	-28.00439	-44.29779	16.2934	0.6350516	1.123639	1.617529	1.535003
6042	-32.00049	-47.71496	15.71447	0.6575841	3.924895	0.4867095	1.707651
6048	-27.85296	-44.60908	16.75612	0.1072913	1.201807	1.294393	1.707651
6054	-30.90959	-47.84697	16.93738	0.7867385	1.057214	0.6109984	1.707651
6060	-34.70478	-51.58594	16.88115	0.02101333	4.861092	0.0185571	2.06311
6066	-33.43118	-51.01715	17.58597	0.009311433	2.063057	0.3529246	1.591914
6072	-31.52662	-48.92186	17.39524	0.09735212	0.7747347	0.8716435	1.851856
6078	-30.71804	-46.62462	15.90658	0.129259	0.7727171	5.851281	1.231613
6084	-31.35947	-47.27113	15.91166	0.4802255	2.019715	0.9712388	1.840165
6090	-27.6906	-43.39398	15.70338	0.577864	2.019715	1.210289	1.761353
6096	-33.27974	-47.05389	13.77415	0.2409495	2.019715	7.201724	1.761353
6102	-41.47705	-52.291	10.81394	2.179271	4.85325	7.201724	1.687442
6108	-35.55481	-47.34128	11.78647	1.553655	4.85325	7.201724	1.431871
6114	-36.62826	-49.73723	13.10897	1.244739	1.118095	6.705978	2.045556
6120	-32.04245	-47.35792	15.31547	1.990414	0.5744284	4.092806	0.6891822
6126	-36.11388	-49.40438	13.29051	1.990414	2.016836	6.925887	0.6891822
6132	-46.83382	-58.28237	11.44855	3.71268	2.016836	6.925887	0.8593863
6138	-44.45938	-52.42653	7.967156	3.71268	2.016836	56.27692	0.5258522
6144	-40.51393	-49.39719	8.883267	3.71268	0.8236588	52.60357	0.8537455
6150	-44.24318	-58.16187	13.91869	5.533871	0.7599488	0.4697819	0.4729192
6156	-39.55394	-57.16434	17.6104	1.790179	1.492385	0.1544027	0.7806622
6162	-37.79657	-54.63687	16.8403	1.638311	1.284238	0.4176742	1.218334
6168	-41.53597	-56.66941	15.13344	1.685872	1.314631	2.578877	1.035623
6174	-40.57554	-56.11273	15.53719	2.294612	1.314631	1.408493	0.6396049
6180	-34.32113	-52.30455	17.98343	0.8827361	1.869239	0.1618596	1.062062
6186	-36.04843	-54.93478	18.88635	0.6693897	0.4053813	0.5519997	0.9933395
6192	-33.38358	-51.71075	18.32717	0.7004953	0.2254815	1.50608	0.9508037
6198	-31.81466	-49.49318	17.67853	0.2757738	1.037992	1.021344	1.17181
6204	-34.1575	-49.75219	15.59469	1.460474	2.399215	1.166111	1.015231
6210	-25.46409	-43.42016	17.95606	1.05646	0.4563224	0.9019166	0.9949886
6216	-24.79513	-43.15704	18.36191	0.805754	0.3188343	0.9019166	1.10668
6222	-25.48483	-44.04761	18.56278	1.023302	0.3188343	0.9019166	0.4854766
6228	-30.16234	-51.10759	20.94525	0.3553754	0.06868384	0.2040104	0.9515226
6234	-28.23202	-46.17754	17.94552	0.3810756	0.3909162	0.4139052	2.117818
6240	-26.20988	-45.24989	19.04001	0.05261676	0.2909043	0.4139052	1.745818
6246	-29.69571	-48.3232	18.62749	1.185038	0.4194827	0.4139052	0.9430371
6252	-31.88822	-49.23783	17.3496	0.4665215	0.3137492	1.857695	1.58236
6258	-28.57205	-45.58686	17.0148	1.024624	0.5931008	0.9423463	1.58236
6264	-31.46189	-47.99309	16.5312	0.91173	1.504387	1.314518	1.04216
6270	-32.64112	-48.71266	16.07153	0.7847097	1.800106	0.6835855	1.841926
6276	-27.8855	-47.01943	19.13393	0.41934	0.2941682	0.6835855	1.042621
6282	-32.7268	-46.84582	14.11902	1.906241	1.250735	4.217371	1.222947
6288	-41.17085	-54.53624	13.3654	2.444836	2.121851	4.217371	0.8549532
6294	-33.49169	-51.36271	17.87102	1.40666	0.776891	0.3720823	1.030814
6300	-33.82448	-49.55642	15.73194	1.21436	2.319815	0.3302648	1.979493
6306	-34.15216	-51.42697	17.27481	0.3817938	0.9862424	1.256201	1.286142
6312	-34.84057	-49.87086	15.03029	1.964468	1.014141	2.494366	1.159241
6318	-30.73131	-47.00765	16.27634	1.486227	0.8776029	1.455758	1.159241
6324	-37.09933	-53.08238	15.98304	0.7153427	1.806418	1.962619	1.126111
6330	-29.43737	-46.60953	17.17216	2.005273	0.8631762	0.4615991	0.2620284
6336	-33.68116	-50.34422	16.66307	2.648581	0.8631762	0.3847478	0.8613039
6342	-32.58688	-50.49828	17.91139	1.339575	0.4083636	0.9912332	0.690192
6348	-31.3451	-48.3764	17.0313	0.9515539	0.4083636	0.815136	1.934846
6354	-36.72119	-54.35779	17.6366	1.301047	0.296692	0.1530572	2.274634
6360	-28.30744	-46.11419	17.80675	0.4813079	0.3699966	1.499828	1.313861
6366	-31.63129	-48.44502	16.81373	1.356532	1.053534	1.307156	0.5531814
6372	-43.08752	-57.06852	13.98101	2.411602	3.273795	1.986601	0.4508772
6378	-41.82691	-57.43226	15.60535	1.806918	1.664861	1.552952	0.3202572
6384	-34.25081	-49.54012	15.28931	1.660328	3.058662	1.256188	0.6682093
6390	-33.60399	-50.17258	16.56858	1.589973	3.058662	0.3366586	0.583702
6396	-35.65667	-52.24285	16.58618	2.13505	1.216368	0.6430313	0.4912495
6402	-37.81295	-50.29637	12.48342	1.288764	5.498119	7.567334	0.7990907
6408	-37.9358	-50.32453	12.38873	1.947547	6.195657	4.019554	0.9889266
6414	-39.36966	-50.47634	11.10668	2.593239	2.143887	5.664659	2.161745
6420	-34.42204	-47.11815	12.69611	2.358944	2.143887	5.664659	0.1499318
6426	-35.76391	-47.06812	11.3042	2.826684	0.4236499	30.74384	0.9392303
6432	-38.61391	-49.53985	10.92594	3.170992	0.4236499	30.74384	0.9747913
6438	-35.57774	-47.8032	12.22546	2.213747	2.120095	9.976649	0.9747913
6444	-33.63715	-46.37215	12.735	2.519384	1.2133	10.51851	0.4425233
6450	-40.42851	-57.3346	16.90608	0.5342346	0.7176794	0.9250226	1.896402
6456	-31.97507	-48.45398	16.47891	1.374116	1.85294	0.9250226	0.7020168
6462	-35.54173	-51.67869	16.13695	0.2472841	6.105702	0.5462062	1.144851
6468	-42.3529	-56.63461	14.28172	1.279151	6.105702	1.401126	1.065223
6474	-36.96383	-53.05566	16.09183	0.1965928	1.343038	0.5141196	2.580953
6480	-33.2342	-49.33051	16.09631	1.575267	1.343038	1.633392	0.5602505
6486	-33.46406	-51.49792	18.03386	0.3575834	1.343038	0.8102024	0.5834385
6492	-35.54182	-50.5971	15.05528	1.783511	2.382672	1.18474	1.205109
6498	-26.44947	-46.62195	20.17249	0.1010551	0.3103362	0.1951579	1.205109
6504	-32.56384	-50.66784	18.104	0.2627755	0.8579128	0.1508853	2.078722
6510	-28.6424	-47.37619	18.73378	0.7016022	0.8579128	0.1508853	1.315737
6516	-40.20303	-56.62351	16.42048	0.3684257	8.922138	0.03935278	1.46545
6522	-38.88688	-54.9628	16.07593	0.92258	0.1752367	0.02245649	3.967448
6528	-32.81489	-52.84382	20.02893	1.228667	0.0257511	0.02054168	1.738696
6534	-38.09349	-54.53348	16.43999	1.281697	0.1404015	4.778013	1.084587
6540	-34.80634	-52.93545	18.12912	0.5852798	0.2501983	1.663332	1.084587
6546	-34.03105	-51.45007	17.41902	1.007674	0.6128781	0.3784934	1.849791
6552	-29.46333	-46.5034	17.04007	0.6620825	0.6128781	2.275281	1.047793
6558	-26.64099	-43.90117	17.26018	1.08518	0.5105248	2.027447	0.557249
6564	-29.14634	-45.83232	16.68597	1.620346	0.5105248	2.027447	0.6656325
6570	-26.24291	-43.81952	17.57661	0.09560276	0.799133	2.027447	0.9741778
6576	-26.77671	-43.67844	16.90173	0.3035828	0.799133	1.103351	1.867962
6582	-33.84817	-49.81581	15.96764	1.237381	0.7993821	1.103351	1.867962
6588	-32.44595	-48.00621	15.56026	1.676589	1.765706	1.83381	0.5601045
6594	-29.7065	-46.03016	16.32366	0.7657252	1.765706	1.83381	0.8312225
6600	-30.41917	-46.82983	16.41066	1.273698	0.9726385	2.019783	0.7328824
6606	-36.55908	-50.62844	14.06936	1.072406	0.9726385	3.47807	2.220456
6612	-32.35376	-49.19594	16.84218	0.994598	0.8757189	0.7121022	1.662632
6618	-33.54834	-49.1534	15.60506	0.4292966	7.647011	0.2281309	1.662632
6624	-29.07266	-47.61505	18.54239	0.9449506	2.145678	0.03422907	0.8030955
6630	-31.03476	-51.15828	20.12352	0.6966432	0.3658361	0.03422907	1.191801
6636	-29.24856	-48.76591	19.51735	0.9113047	0.7065871	0.1104741	0.5504748
6642	-30.90369	-50.69499	19.7913	1.532862	0.2081293	0.06968099	0.2376219
6648	-31.06912	-50.72625	19.65713	0.9215134	0.7194265	0.06968099	0.6033
6654	-37.32381	-54.2425	16.9187	1.583621	1.328031	0.2775181	1.411543
6660	-36.69847	-54.41939	17.72092	1.895783	1.638549	0.06199351	0.8604361
6666	-35.25162	-51.92527	16.67364	0.7364008	2.476726	0.1324161	1.988121
6672	-33.60578	-51.00911	17.40333	1.673671	0.3952939	0.8770712	0.1812234
6678	-25.9397	-45.68229	19.74259	0.283517	0.5404088	0.1447549	1.189765
6684	-29.91339	-47.31774	17.40435	2.078389	1.731958	0.112429	0.6165764
6690	-32.02883	-48.18559	16.15676	2.078389	1.317149	0.4812069	0.1228513
6696	-37.90363	-53.5927	15.68907	1.078791	1.317149	2.34677	1.185812
6702	-36.80883	-54.18762	17.37879	0.1368527	2.654367	0.4486089	1.276039
6708	-32.69297	-50.63614	17.94316	0.1469547	0.9751349	0.2529012	1.976386
6714	-28.19678	-45.78047	17.58369	0.5129416	0.8650268	1.33154	0.9456228
6720	-34.11602	-48.003	13.88698	0.4817279	3.648796	5.579564	1.216428
6726	-36.15726	-50.24667	14.08941	1.028478	2.087336	5.579564	1.174369
6732	-36.00245	-53.0242	17.02175	1.700853	0.4958621	1.129136	0.9920234
6738	-33.41768	-51.7146	18.29692	0.8303222	0.7307559	0.5690977	0.8895313
6744	-41.37844	-54.99278	13.61435	2.068546	0.6323797	2.879329	2.288926
6750	-38.29694	-54.34821	16.05127	0.4151194	0.6323797	2.449186	1.9064
6756	-37.08528	-53.74671	16.66143	1.572258	0.369833	2.645589	0.6770939
6762	-39.84703	-53.8952	14.04817	1.274069	3.146146	2.046956	1.639694
6768	-44.67869	-59.07548	14.39679	3.936939	0.9482838	1.214988	0.6187429
6774	-33.42832	-50.84386	17.41554	0.4630125	0.9299944	0.7694407	1.537524
6780	-39.24346	-56.17818	16.93473	1.525368	0.1754406	1.719653	1.44421
6786	-38.88118	-57.59251	18.71132	1.728371	0.4176279	0.2446457	0.5409731
6792	-39.42992	-55.91536	16.48543	1.711354	2.547587	0.3670892	0.2797421
6798	-32.3894	-48.38101	15.99161	1.255074	3.410001	0.8333264	0.6110681
6804	-26.8754	-44.51015	17.63475	0.4982335	2.525214	0.268119	1.12406
6810	-28.7004	-47.58619	18.88579	0.09845714	0.3868207	0.268119	1.894827
6816	-27.46458	-46.58743	19.12285	1.176695	0.3049081	0.3908989	0.3636236
6822	-28.51443	-47.57739	19.06296	1.063852	0.3049081	0.3908989	0.90701
6828	-33.59056	-53.78607	20.19551	0.5107065	0.1187114	0.3908989	0.8757669
6834	-30.52272	-49.41609	18.89336	0.5917524	0.1187114	0.575783	1.643525
6840	-33.33663	-52.12757	18.79094	0.6735498	0.4471502	0.3459958	1.33249
6846	-30.93824	-50.22461	19.28637	0.4291892	0.2655155	0.4096809	1.33539
6852	-32.36367	-50.84718	18.48351	0.1826223	0.2425661	0.9472808	1.615495
6858	-34.48124	-51.27192	16.79067	0.8190904	1.164975	0.9472808	1.417746
6864	-36.78897	-54.24532	17.45635	1.317376	1.102695	0.2442929	1.417746
6870	-39.8705	-54.71977	14.84926	1.448227	2.100302	0.3169602	2.493655
6876	-32.32967	-49.99703	17.66737	0.7644993	3.239432	0.1476088	0.8634284
6882	-37.90487	-50.881	12.97613	2.882741	0.5967126	7.317431	0.1237928
6888	-33.35611	-47.18026	13.82414	1.928403	1.182186	7.317431	0.7522582
6894	-35.79732	-51.66323	15.86591	2.191446	0.9770477	1.112279	1.054546
6900	-28.79205	-47.53727	18.74522	1.195802	0.1176095	1.112279	0.6170046
6906	-27.85969	-47.77351	19.91382	0.9956436	0.1610345	0.3115594	0.4795161
6912	-26.5143	-46.52002	20.00572	1.029326	0.1610345	0.2485291	0.6303332
6918	-30.18631	-50.28827	20.10196	0.2373102	0.4512696	0.2100525	0.8107993
6924	-30.57091	-48.90292	18.33201	1.669599	0.6489945	0.1949253	0.9010508
6930	-30.29282	-49.77298	19.48016	0.9578325	0.4167152	0.1772225	0.8890193
6936	-33.47698	-52.46855	18.99157	1.334352	0.2339448	0.3880031	0.8890193
6942	-25.3908	-45.91533	20.52454	1.063468	0.141038	0.06355257	0.8890193
6948	-28.50733	-47.98835	19.48101	0.3522581	0.2245814	0.3804448	1.373077
6954	-29.17584	-49.30214	20.1263	0.3974322	0.2245814	0.3804448	0.6663433
6960	-29.03022	-49.56609	20.53587	0.3135205	0.25957	0.2073811	0.6564019
6966	-36.73762	-54.08497	17.34735	1.297874	0.1882003	2.600613	0.7742937
6972	-28.467	-46.7581	18.2911	0.1620097	0.6012725	0.9427273	1.25245
6978	-27.22818	-45.08541	17.85724	0.5705041	0.4596623	1.133664	1.305642
6984	-27.58893	-44.82413	17.23519	0.09097667	0.6420322	1.133664	1.903284
6990	-25.75201	-44.27173	18.51972	0.143127	0.6420322	0.5490862	1.434596
6996	-34.05733	-49.46117	15.40384	0.1944057	1.659762	2.211637	1.920569
7002	-31.7406	-48.17755	16.43695	0.7414272	0.8393103	0.689021	2.157541
7008	-33.93167	-47.90572	13.97406	0.08498758	0.8393103	6.274665	2.480275
7014	-30.38983	-49.22112	18.83128	0.9682405	0.1242094	1.238967	0.6260827
7020	-24.57551	-44.20592	19.63041	0.46666	0.2012377	0.5611577	0.915108
7026	-30.70996	-47.89632	17.18636	0.4636135	0.3943467	0.5611577	2.388511
7032	-33.62421	-48.74841	15.12421	1.88708	0.7608063	2.430971	1.400235
7038	-42.42087	-57.4777	15.05683	0.9724029	2.728826	2.628767	0.9545879
7044	-35.43079	-48.869	13.43821	1.677545	1.278783	5.184318	1.682436
7050	-30.70334	-48.02313	17.31979	1.014469	1.080612	0.8231122	0.97508
7056	-36.06495	-49.65757	13.59262	2.064837	0.8151046	6.990171	1.287768
7062	-45.70077	-53.64781	7.94704	1.433751	1.370816	6.990171	4.822793
7068	-49.78153	-65.53066	15.74914	0.8839686	0.9266011	1.022548	2.204208
7074	-35.89101	-50.03945	14.14844	0.2808354	1.240196	0.7465099	3.547837
7080	-34.90784	-53.76815	18.86031	0.657248	0.3694587	0.3927118	1.332316
7086	-36.8965	-54.28011	17.38361	1.303016	0.4264646	0.9533038	1.285913
7092	-37.2485	-53.50418	16.25568	0.9795065	4.120271	0.5745097	0.7850919
7098	-42.03913	-54.00458	11.96544	2.313779	6.099459	4.77702	0.8121606
7104	-31.67635	-48.84972	17.17337	1.060609	0.7687528	0.742538	1.432032
7110	-34.85857	-50.826	15.96744	1.245892	0.7687528	1.488304	1.666031
7116	-32.2629	-50.85955	18.59665	0.5200257	0.7731232	0.3736377	1.179312
7122	-30.16669	-47.32444	17.15774	0.3878421	0.7731232	0.5993583	2.04897
7128	-34.5528	-54.20909	19.65629	0.7374473	0.1546106	0.164311	1.529284
7134	-39.98752	-55.69308	15.70555	1.204029	2.454452	0.3200032	1.973292
7140	-33.3107	-53.32488	20.01418	0.2359965	0.2443297	0.3200032	1.082716
7146	-30.58477	-48.7757	18.19093	0.7630647	0.6497959	0.8187253	0.8307017
7152	-33.59292	-51.75314	18.16023	0.8087074	0.5341558	0.4249753	1.482433
7158	-29.66999	-47.93236	18.26237	0.3765927	0.5341558	0.4249753	1.722451
7164	-29.83464	-47.73225	17.89761	1.225496	1.096479	0.4249753	0.6804934
7170	-31.57274	-48.57454	17.0018	0.9262109	0.569075	1.848801	1.125051
7176	-30.47498	-47.61642	17.14144	0.6845281	0.569075	0.2285798	2.509958
7182	-28.18369	-46.07067	17.88698	0.3082876	0.9909492	1.255734	0.7345877
7188	-31.51222	-44.40571	12.89349	1.495775	0.49315	8.090927	2.331235
7194	-33.72794	-48.24655	14.51861	0.8856504	1.081425	8.090927	1.07489
7200	-36.47	-49.98116	13.51116	0.8227659	1.063188	11.01694	1.565829
7206	-40.573	-56.17555	15.60255	1.277806	1.063188	3.811409	0.478147
7212	-32.67371	-47.15078	14.47707	0.4395508	6.525786	1.152965	1.665553
7218	-32.69293	-47.07017	14.37724	0.6993031	2.14427	1.985423	2.154411
7224	-32.3329	-49.77939	17.44649	0.000882738	1.046877	0.8109056	1.727745
7230	-30.88732	-48.9169	18.02959	0.122926	0.6560964	0.6098761	1.727745
7236	-28.70427	-46.23959	17.53532	0.657041	2.110331	0.4698969	0.8626225
7242	-30.3858	-47.11544	16.72963	1.44162	1.588305	0.8519164	0.5252779
7248	-36.14705	-48.41562	12.26857	3.718623	1.588305	2.91599	0.09932471
7254	-40.68676	-55.0118	14.32504	3.176582	0.317222	2.91599	0.1046569
7260	-36.9837	-49.54988	12.56618	3.480805	2.586938	1.787086	0.104853
7266	-40.31751	-54.07425	13.75674	3.441276	0.5336873	1.781695	0.05825812
7272	-35.83672	-52.75515	16.91844	1.760227	1.674665	0.447378	0.5206474
7278	-36.75544	-51.95122	15.19578	2.370758	7.666574	0.0292224	0.1875792
7284	-32.57923	-46.5885	14.00927	1.987727	12.95279	0.114588	0.1140228
7290	-31.16664	-49.96378	18.79715	1.5543	0.3579934	0.1843205	1.072967
7296	-36.17763	-53.14921	16.97158	1.5543	1.666782	0.05350261	1.7811
7302	-32.15133	-48.13837	15.98704	0.3108866	14.27434	0.02540498	1.305817
7308	-29.63168	-49.48526	19.85358	0.8469334	0.2244767	0.2954492	0.6804727
7314	-25.6215	-46.21482	20.59332	0.3518743	0.1228954	0.1410478	1.251769
7320	-29.50446	-49.2575	19.75304	0.5641247	0.2831327	0.1181473	1.435323
7326	-29.79538	-46.03824	16.24286	0.3351012	6.963729	0.2264034	1.364454
7332	-27.21031	-44.66817	17.45786	0.957234	0.9514975	1.141534	0.5495447
7338	-34.26975	-49.78363	15.51388	0.6611698	0.9514975	1.141534	2.408377
7344	-27.59928	-45.86398	18.2647	0.8307886	0.4463231	1.141534	0.5093634
7350	-27.7009	-44.1312	16.4303	0.3654602	2.350997	1.141534	1.286846
7356	-35.07876	-50.44879	15.37003	0.3654602	2.350997	0.7195472	2.341321
7362	-38.77968	-57.63168	18.852	1.227597	0.656823	0.2355494	0.439205
7368	-39.31211	-55.68485	16.37275	2.145613	0.235773	2.273176	0.9571559
7374	-39.21343	-53.88328	14.66984	2.009792	4.582355	0.7476814	0.2078189
7380	-31.79772	-48.22602	16.4283	1.742547	1.458599	0.6541528	0.1921514
7386	-31.2264	-49.39785	18.17144	0.457159	1.458599	0.3935831	0.9978915
7392	-35.04343	-51.64914	16.60571	1.293155	1.458599	0.9702691	0.9314632
7398	-33.77029	-50.14207	16.37178	0.8503249	0.9285237	1.13958	1.733305
7404	-33.60774	-49.30024	15.6925	1.246177	0.6672987	1.858398	1.774635
7410	-36.46872	-47.12701	10.65829	1.730222	1.213088	25.66009	1.826448
7416	-34.7958	-49.06092	14.26512	0.6159641	2.488693	3.193158	1.771898
7422	-36.24018	-52.88162	16.64143	1.315276	0.7148693	0.8499728	1.594267
7428	-32.87727	-49.48201	16.60474	0.8527983	0.7148693	0.878743	1.921045
7434	-33.99672	-49.57106	15.57434	0.6626184	1.485487	0.6345019	2.431676
7440	-34.88693	-47.92897	13.04205	1.774273	3.406653	6.185689	0.650143
7446	-33.38939	-47.20251	13.81312	2.248483	2.210137	3.732398	0.650143
7452	-36.86467	-49.56834	12.70367	0.2098108	2.327182	13.26613	1.742761
7458	-35.36084	-47.4202	12.05936	1.725013	2.327182	9.739143	1.470979
7464	-33.05272	-47.439	14.38628	0.8351359	0.7967648	3.353125	2.323845
7470	-28.80511	-46.03003	17.22491	0.7700358	0.6930806	0.8845865	1.558756
7476	-31.18134	-48.16197	16.98063	0.8022682	0.7986355	0.8845865	1.6177
7482	-28.08297	-44.59432	16.51135	0.8317851	0.6183034	2.02002	1.460216
7488	-30.31624	-46.64405	16.32781	0.8277026	0.6183034	1.160023	2.02417
7494	-37.28769	-48.34465	11.05696	2.293514	1.180389	20.45319	1.444674
7500	-31.6819	-48.38863	16.70673	1.943225	0.3536913	2.006983	0.4696827
7506	-30.90209	-48.88724	17.98515	0.4181476	0.6876774	1.110456	1.044512
7512	-27.92008	-45.74893	17.82885	0.7561695	0.5859436	1.278945	0.8447351
7518	-38.26863	-56.67415	18.40552	1.287188	0.3868733	0.6920571	0.5108131
7524	-36.72277	-55.6244	18.90163	1.704378	0.8182707	0.0435393	0.4819908
7530	-27.8309	-45.99823	18.16733	1.432802	1.296999	0.1681952	0.6113308
7536	-26.69917	-46.11938	19.4202	1.787136	0.3012621	0.04562988	0.2403504
7542	-29.41593	-49.72274	20.30681	1.040104	0.353141	0.02228527	0.347787
7548	-25.32941	-44.99222	19.66281	1.340303	0.353141	0.1113467	0.4991472
7554	-26.98453	-47.54821	20.56368	1.090525	0.1487074	0.05235126	0.8441339
7560	-28.62565	-48.4734	19.84775	1.111392	0.4252313	0.06284801	0.7856719
7566	-33.98294	-52.85595	18.873	1.299415	0.1406383	0.640664	0.9235767
7572	-26.80355	-45.01994	18.21639	1.886512	0.3201241	0.4226337	0.2752966
7578	-29.90776	-45.30845	15.40069	0.6590696	0.4792877	1.678888	2.606137
7584	-30.81107	-49.53933	18.72827	0.4872052	0.2787226	1.389393	0.6082672
7590	-35.83244	-49.8536	14.02115	0.6098319	1.788923	2.520611	2.391946
7596	-36.53825	-50.18745	13.6492	0.9988335	1.788923	4.814423	1.823132
7602	-29.66467	-47.9281	18.26344	0.08989912	0.4345916	0.4706029	1.978015
7608	-39.00729	-52.60315	13.59586	3.794227	0.7357565	3.087126	0.7916472
7614	-34.40267	-51.9116	17.50893	1.387328	0.1457712	1.733962	1.163566
7620	-35.56119	-53.4841	17.92291	0.425298	1.257774	0.3162809	1.503622
7626	-32.94527	-48.78422	15.83895	1.510317	1.574892	1.614514	0.2633056
7632	-41.4943	-61.16949	19.6752	1.097363	0.1052919	0.4593934	0.3554151
7638	-41.12858	-58.75449	17.62591	1.709696	1.320614	0.1342028	1.076071
7644	-33.46557	-49.37668	15.91111	1.17708	0.6804349	3.846863	0.8963969
7650	-30.35742	-48.38463	18.02721	0.1698101	0.3240337	0.3517975	2.370205
7656	-32.81636	-50.39154	17.57518	0.676419	0.3173422	0.6799937	1.993154
7662	-36.25176	-54.59573	18.34397	0.2106653	0.9722072	0.8259288	0.8446506
7668	-34.38955	-51.37832	16.98877	1.923112	0.4640739	1.133178	0.8385545
7674	-42.90865	-61.74695	18.8383	1.923112	0.1091338	0.4835562	0.4478737
7680	-32.49692	-47.86909	15.37217	0.9122744	0.5383715	6.26021	1.2106
7686	-33.43278	-48.17105	14.73827	1.15574	0.6559217	4.313176	1.773984
7692	-32.51157	-48.53437	16.0228	1.074905	8.034808	0.1668045	0.8514968
7698	-34.0207	-49.16077	15.14007	0.934391	4.186462	1.17098	1.247997
7704	-33.01665	-48.49251	15.47586	0.8991127	4.186462	0.6846662	1.424973
7710	-26.02987	-45.01586	18.98599	0.5575936	0.8787146	0.2951341	0.7901183
7716	-30.57713	-49.57215	18.99502	0.4905131	0.2242349	0.2951341	1.765322
7722	-32.52803	-50.55114	18.02312	0.09108187	0.6163147	0.6890895	1.717107
7728	-26.67426	-45.44818	18.77392	0.1321937	0.705209	0.3543133	1.450364
7734	-31.2475	-48.13007	16.88257	1.050047	0.8079681	2.04528	0.5115491
7740	-33.06503	-45.44182	12.37679	2.448426	1.241846	12.53807	0.7987739
7746	-33.15692	-46.02265	12.86572	2.266304	2.276619	7.183822	0.5646061
7752	-33.4737	-49.67249	16.19878	2.266304	0.8448328	1.218899	0.5322133
7758	-34.18498	-48.82088	14.6359	2.875075	0.8448328	1.798913	0.1448393
7764	-32.20601	-48.9933	16.78729	2.540192	0.8448328	0.4838567	0.5364085
7770	-38.95464	-56.15004	17.19539	0.9409469	0.7091529	1.341892	1.08247
7776	-31.48028	-46.84431	15.36403	1.566274	2.997409	1.341892	0.6103834
7782	-28.85693	-47.6028	18.74587	0.9504539	0.4158982	0.6377528	0.5889165
7788	-30.19382	-47.44985	17.25603	0.8490858	0.6986851	1.679405	0.8747721
7794	-28.07582	-47.23934	19.16352	1.046657	0.4196759	0.2780668	0.818134
7800	-31.64408	-47.73145	16.08738	1.326897	1.684206	1.001419	1.208015
7806	-33.65122	-50.30497	16.65376	1.511784	1.684206	0.7626701	0.6669828
7812	-31.70962	-47.02851	15.31889	0.9223492	1.135245	5.740074	0.4490085
7818	-26.84679	-45.25072	18.40393	0.6554803	0.5243898	0.7398371	1.021769
7824	-31.75525	-50.28034	18.52509	1.466775	0.7633706	0.214424	0.5989186
7830	-30.77944	-46.86654	16.08711	1.105409	3.962076	0.7299757	0.522723
7836	-28.38142	-46.70554	18.32413	0.1737125	0.9269278	1.059473	0.3983242
7842	-32.2425	-48.38645	16.14396	0.9371721	1.508329	1.059473	1.523935
7848	-29.79523	-49.51843	19.7232	0.3190841	0.4546282	0.163354	1.242454
7854	-26.64745	-46.13246	19.48501	0.5275034	0.4167869	0.3081815	0.9683005
7860	-36.10439	-47.89533	11.79094	0.3661351	0.8704305	4.030772	3.958104
7866	-43.95634	-50.13393	6.177587	1.029823	0.8704305	9.605677	6.009044
7872	-39.75282	-48.6583	8.905473	0.9519539	2.968268	2.555972	4.813806
7878	-35.42345	-47.74173	12.31828	1.41715	2.257969	13.39243	1.12206
7884	-35.71019	-49.55763	13.84744	0.6389744	2.127102	3.338494	2.126449
7890	-32.15691	-47.0808	14.92389	0.4510658	2.127102	1.519546	2.164485
7896	-30.69878	-48.99765	18.29887	0.2260342	2.418164	0.3043053	0.5824915
7902	-30.35452	-47.91449	17.55996	0.6596324	3.339106	0.2620562	0.4240368
7908	-38.44793	-54.83035	16.38242	0.9777073	4.260496	0.2512624	1.243171
7914	-38.46927	-55.73016	17.26088	1.580833	1.779762	0.3269166	0.5611455
7920	-28.55115	-46.59754	18.04639	1.185813	0.8914206	0.4663091	0.7212077
7926	-33.13467	-50.45124	17.31657	1.185813	1.170233	0.3568058	1.376249
7932	-37.02875	-50.74075	13.712	2.370351	3.826407	2.1758	0.5365671
7938	-33.45897	-48.76966	15.3107	1.486173	1.778452	2.1758	0.9283212
7944	-35.56707	-49.80833	14.24127	1.724944	15.92196	0.2166413	0.3574442
7950	-39.93554	-54.00408	14.06854	2.053146	7.977685	0.4474975	1.170772
7956	-35.80385	-52.49428	16.69044	0.7505155	4.342973	0.4755422	0.5016065
7962	-31.97009	-48.94036	16.97027	0.899117	4.342973	0.2008354	0.8633551
7968	-35.30139	-52.6678	17.36641	1.409908	2.10173	0.2739446	0.4685031
7974	-32.14255	-48.61108	16.46853	0.3477637	2.111267	1.011148	1.469078
7980	-29.04421	-46.25282	17.20861	0.9295025	1.377252	0.8169519	0.9207467
7986	-34.18344	-51.03546	16.85203	1.607301	1.377252	0.6729721	0.7417232
7992	-32.49814	-51.37721	18.87908	0.623125	0.4387919	0.6729721	0.7837464
7998	-33.81174	-50.62811	16.81636	0.5100661	1.750694	0.7896783	1.429384
8004	-34.25464	-52.30534	18.0507	1.351791	0.4715385	0.4630281	1.160797
8010	-27.24266	-45.99508	18.75242	0.2994702	0.4467442	0.7162565	1.17656
8016	-31.90161	-52.00851	20.10691	0.3092333	0.4467442	0.1751246	0.8581829
8022	-34.45046	-52.60628	18.15582	0.9017216	0.4467442	0.3588828	1.620717
8028	-27.97653	-48.99351	21.01698	0.1122943	0.1061718	0.1599178	1.091814
8034	-28.25142	-47.25917	19.00775	0.9720457	0.5229696	0.3611309	0.5725602
8040	-34.46899	-49.59009	15.12109	2.852933	1.534379	0.5412985	0.1233161
8046	-37.4873	-51.58847	14.10117	2.852933	1.534379	2.652206	0.5537881
8052	-38.2071	-51.34934	13.14224	2.852933	0.9495818	4.017977	1.520284
8058	-37.69493	-52.07008	14.37515	1.965853	0.9495818	4.017977	1.249156
8064	-31.95896	-47.20576	15.2468	1.689842	0.7499454	4.017977	0.9009473
8070	-31.93154	-47.39522	15.46368	2.031267	1.378414	1.220806	1.153997
8076	-33.49725	-49.9832	16.48594	2.246621	0.685751	0.7999286	0.1896432
8082	-28.89543	-47.01791	18.12248	0.08914697	2.182354	0.3267466	1.088333
8088	-29.4787	-46.74759	17.26889	0.266271	5.201459	0.1775357	1.028712
8094	-36.46995	-51.02393	14.55398	0.467504	11.02217	1.035604	1.021304
8100	-40.31354	-54.86192	14.54838	1.498888	9.906021	0.5622019	0.6583557
8106	-27.04704	-45.96497	18.91793	0.6550445	1.567277	0.09655711	0.7751744
8112	-30.15172	-50.07878	19.92706	0.4646681	0.1946364	0.3618004	0.9955379
8118	-32.22944	-50.40672	18.17729	1.054	0.2535608	1.396796	0.6977304
8124	-31.2143	-49.14036	17.92606	0.8211967	0.4137931	1.396796	0.8798144
8130	-37.10544	-51.62551	14.52007	2.339807	0.4137931	4.419446	0.11986
8136	-29.31928	-46.12738	16.8081	0.4097759	0.4137931	2.649557	1.557652
8142	-26.53654	-45.52477	18.98823	0.7790597	0.4137931	0.3919342	1.041924
8148	-30.63354	-45.31585	14.68232	0.6652783	3.553945	0.3919342	2.577607
8154	-28.58912	-46.27071	17.68159	0.5709271	1.241912	0.3970664	1.458795
8160	-29.19585	-45.48623	16.29037	0.8219724	0.902722	0.9442008	1.957746
8166	-28.03386	-46.30377	18.26991	0.6308509	0.7480097	0.5438035	1.131834
8172	-31.75209	-45.64133	13.88924	1.031476	0.7153134	1.980774	2.972991
8178	-32.49803	-48.96604	16.46801	0.404803	1.229337	1.980774	1.327347
8184	-30.54161	-47.09194	16.55032	0.7795677	1.401306	1.980774	0.7298219
8190	-30.25834	-45.84793	15.58959	0.966135	2.963218	1.875829	0.6482887
8196	-31.72628	-49.18584	17.45955	0.9895677	1.872263	0.4995875	0.4231014
8202	-35.13993	-50.697	15.55707	0.8971518	0.852948	5.648603	0.7587054
8208	-32.70739	-48.86165	16.15426	0.05582932	0.852948	2.781529	1.784591
8214	-32.28033	-48.59208	16.31175	1.27705	0.7154589	2.781529	0.7323707
8220	-34.67476	-52.37071	17.69595	0.4709816	0.2878033	2.781529	0.9259472
8226	-36.30351	-49.57792	13.27441	2.30906	2.024027	5.676876	0.6568923
8232	-35.60173	-50.38528	14.78355	1.347132	2.024027	2.261512	1.350731
8238	-35.29823	-52.02822	16.72999	0.8781272	2.024027	0.1759664	1.916683
8244	-33.28684	-51.75329	18.46645	1.260259	0.5476186	0.2959948	1.058645
8250	-35.65952	-48.8377	13.17818	1.017912	4.956977	1.198928	2.381492
8256	-32.02054	-47.18715	15.16661	0.1716018	0.638527	2.688065	2.555148
8262	-26.64887	-45.67161	19.02274	0.1519351	0.7211364	0.3721151	1.187628
8268	-28.83159	-46.21868	17.3871	0.08638261	3.575185	0.1194494	1.656364
8274	-30.35353	-46.10648	15.75295	0.6057461	1.288882	0.4487453	2.633399
8280	-35.23326	-51.57743	16.34417	0.8337799	0.9695775	1.117778	1.74829
8286	-33.96409	-49.46395	15.49986	0.6089908	0.9695775	1.771843	2.132048
8292	-30.85787	-49.45401	18.59614	0.4232075	0.145888	1.381121	1.272888
8298	-31.35639	-48.90479	17.5484	1.235328	1.338209	0.4481558	0.8148271
8304	-31.66208	-48.23219	16.57011	0.1410955	8.35901	0.1511423	1.221676
8310	-34.76236	-49.97226	15.2099	0.6144719	14.61318	0.141663	1.243867
8316	-33.95706	-51.30794	17.35088	0.3394341	4.288933	0.06697731	1.486443
8322	-34.71017	-52.9574	18.24723	1.391276	0.2144405	1.114187	0.5087452
8328	-41.44307	-59.92561	18.48253	1.247749	0.2144405	0.7620963	0.9731963
8334	-36.06058	-56.1438	20.08323	0.4892674	0.269381	0.2066028	0.9881334
8340	-33.42796	-52.28598	18.85802	0.486485	0.4424314	0.7479218	0.8539225
8346	-33.30408	-50.43093	17.12686	0.7920417	3.06776	0.2091237	1.235765
8352	-38.12096	-54.20592	16.08496	2.344301	1.827058	0.252635	1.235765
8358	-40.88639	-57.22554	16.33915	1.288859	1.02842	0.2183948	2.304399
8364	-37.91911	-52.27931	14.36021	0.2290717	4.534228	1.666128	1.974281
8370	-33.48772	-51.0849	17.59718	1.5965	0.679516	0.7152292	0.5020387
8376	-33.9985	-49.98764	15.98914	0.9845289	1.434657	1.693335	1.257395
8382	-31.52729	-46.62082	15.09353	1.440425	1.158508	2.119188	1.572749
8388	-27.85446	-45.70473	17.85027	0.6849991	1.158508	0.4511184	1.210291
8394	-35.47638	-51.17501	15.69864	1.286188	2.703323	0.5824341	1.503417
8400	-39.7114	-54.91216	15.20076	1.467096	2.703323	1.030247	1.335852
8406	-40.72787	-56.37429	15.64642	1.467096	3.172892	1.030247	0.6553609
8412	-34.02108	-50.76132	16.74024	0.7793735	3.808512	0.1818418	1.3965
8418	-28.20594	-47.70477	19.49883	0.7603219	0.4286538	0.2082051	0.9567229
8424	-32.26391	-49.44906	17.18515	1.313252	0.4286538	1.095132	1.3222
8430	-29.27129	-47.61651	18.34522	0.1158481	0.6216084	0.3310899	1.885471
8436	-30.08149	-47.5544	17.47291	1.046657	3.387614	0.07904697	1.00493
8442	-32.24553	-49.24314	16.99762	1.501474	3.468629	0.07904697	0.9944882
8448	-29.30274	-46.74736	17.44462	0.9784743	2.843555	0.2622146	0.5910527
8454	-40.78812	-54.45461	13.66649	0.05032083	14.19314	0.0641743	2.910263
8460	-36.90336	-52.0674	15.16403	0.6146535	8.830844	0.4527178	1.319666
8466	-35.59375	-51.65347	16.05972	1.248704	2.919332	0.931425	0.6790483
8472	-31.31174	-48.27801	16.96627	1.142559	0.7604526	0.8745257	1.41701
8478	-29.83564	-49.01862	19.18298	0.1277747	1.120891	0.3377822	0.5962774
8484	-29.84166	-48.10926	18.2676	0.4792114	0.4240067	0.847933	1.333135
8490	-30.58437	-47.49999	16.91562	0.5921763	1.160553	0.6389495	1.76468
8496	-28.19742	-46.81566	18.61824	0.2404292	0.4535292	0.5909209	1.461365
8502	-36.11375	-52.47532	16.36157	0.5092926	0.4886986	1.83543	2.012549
8508	-38.49183	-54.83339	16.34156	0.2453231	0.4886986	1.83543	2.19879
8514	-30.03347	-46.64666	16.61319	0.2603048	1.745599	1.788863	1.10006
8520	-33.39516	-49.12489	15.72973	1.669491	3.060263	0.8092492	0.6481942
8526	-28.2471	-46.98268	18.73558	0.3503359	1.059068	0.4678798	0.6724336
8532	-33.42538	-49.74811	16.32273	0.3415181	2.563672	0.619563	1.743865
8538	-29.34165	-46.40043	17.05878	0.3297936	1.424098	0.619563	1.71484
8544	-33.85753	-48.45764	14.60012	0.213974	3.139721	2.083008	1.978747
8550	-31.53397	-47.42082	15.88684	1.13662	0.9569243	1.766082	1.510929
8556	-38.62043	-53.44253	14.8221	2.530215	1.058159	2.11753	0.967615
8562	-30.57212	-46.76465	16.19254	0.9956574	0.8768866	1.518823	1.577577
8568	-29.85131	-47.42989	17.57857	0.9823898	0.4588732	1.518823	0.8944044
8574	-29.33444	-47.18327	17.84884	1.696485	0.4588732	0.6827369	0.3942755
8580	-32.07243	-47.69385	15.62142	1.779354	1.783056	1.28218	0.2338355
8586	-31.59288	-49.54411	17.95124	0.9264919	0.4825529	0.3083987	1.781788
8592	-26.09828	-45.41503	19.31675	0.7027109	0.4825529	0.3083987	0.8273509
8598	-31.61904	-47.77128	16.15224	0.880015	1.72926	0.8000551	1.648703
8604	-32.34944	-48.35688	16.00743	1.115619	3.64631	0.8842374	0.5030341
8610	-28.69957	-45.72181	17.02224	1.123083	2.119085	0.6086772	0.5443417
8616	-31.93991	-46.25874	14.31883	1.953643	2.230443	3.237146	0.5367116
8622	-36.58388	-51.63104	15.04717	2.350385	0.268144	3.003383	1.540736
8628	-44.39651	-54.1668	9.770288	3.628366	1.413943	11.53114	1.959049
8634	-33.17636	-46.84369	13.66733	1.963004	1.196986	7.268881	0.9033929
8640	-33.44217	-45.84599	12.40382	1.351896	2.408034	7.977415	1.687171
8646	-34.73217	-46.99078	12.2586	0.8517244	1.885063	7.977415	2.313235
8652	-29.77307	-45.80391	16.03084	0.2893555	0.7415751	3.359377	1.629203
8658	-32.65246	-45.97585	13.32339	1.229179	7.507896	3.359377	0.6397462
8664	-29.22917	-44.12307	14.89391	0.7939114	0.8809563	3.359377	1.955013
8670	-28.67466	-43.50751	14.83285	0.3685135	0.7385467	5.199851	1.995332
8676	-29.52133	-44.18548	14.66415	1.039972	0.7385467	6.063085	1.487012
8682	-25.78737	-44.65022	18.86284	0.7815508	0.2113978	0.4210372	1.487012
8688	-28.21364	-44.61526	16.40161	0.3700725	1.798078	0.443127	2.145527
8694	-26.51544	-44.24703	17.73158	0.2429254	1.639294	0.4370638	1.382215
8700	-26.55533	-44.89638	18.34105	0.1460038	0.7299281	0.4370638	1.618439
8706	-27.76021	-43.47128	15.71107	0.1037952	0.8045363	0.7231024	3.002635
8712	-26.21862	-43.70136	17.48274	0.5549088	0.8045363	0.7231024	1.565652
8718	-32.08096	-46.86302	14.78206	0.2168316	1.568941	0.7231024	3.079616
8724	-29.31055	-46.52108	17.21053	0.6288389	1.508515	0.5040961	1.468474
8730	-26.53896	-45.61219	19.07324	1.395106	0.3932392	0.2306233	0.3473948
8736	-31.64022	-47.86859	16.22837	0.4624932	4.570484	0.2306233	1.719409
8742	-33.08945	-50.36406	17.27461	1.306841	2.61035	0.08754743	1.215688
8748	-29.995	-46.69717	16.70217	1.804494	4.201145	0.08339596	0.4108422
8754	-33.30085	-49.79696	16.49611	0.2036437	1.295024	0.7378379	2.143032
8760	-35.3872	-52.54613	17.15893	0.1787488	1.17176	0.9483589	1.6155
8766	-31.75978	-49.32098	17.56121	0.1092511	1.129534	0.9483589	1.394575
8772	-29.90796	-45.79613	15.88817	0.1812879	0.8942053	3.53742	1.633217
8778	-26.86496	-43.2475	16.38253	0.8478328	0.8942053	1.548421	1.516627
8784	-26.92617	-45.27059	18.34442	0.2536402	0.6468723	0.6084526	1.411089
8790	-25.91962	-43.83959	17.91997	0.2473246	0.9301919	0.6737564	1.411089
8796	-29.83772	-44.96633	15.12861	1.48804	0.5505939	7.084413	0.4599676
8802	-34.2773	-48.38552	14.10822	0.9121272	0.5105724	16.90231	0.966048
8808	-34.86564	-45.3075	10.44186	0.3442734	1.284129	11.90157	3.595067
8814	-31.43006	-48.28095	16.85088	1.082333	1.647042	1.02853	0.4228006
8820	-26.74279	-44.43988	17.69709	0.822903	1.235973	0.5126752	1.070489
8826	-29.61149	-46.03497	16.42348	1.199848	2.693473	0.1754542	1.66694
8832	-30.3205	-47.96881	17.64831	0.02604614	1.011097	0.7216555	1.668805
8838	-29.23778	-47.46717	18.22939	0.02167877	1.011097	0.6288142	1.328462
8844	-28.25383	-46.16979	17.91597	1.739301	0.6615072	0.4100107	0.6412544
8850	-34.95214	-51.67007	16.71793	1.517055	0.6615072	1.21985	1.142023
8856	-39.80127	-53.92502	14.12375	2.995925	0.6615072	3.167189	1.142023
8862	-33.41822	-53.40602	19.9878	0.6811842	0.225158	0.2662674	0.8301966
8868	-34.79234	-54.3128	19.52046	0.1647723	0.2433728	0.7120788	1.001459
8874	-39.26589	-57.57757	18.31168	0.7553229	0.2762921	0.7120788	1.455485
8880	-28.34245	-44.75621	16.41376	0.2188564	1.304281	2.003552	1.455485
8886	-33.78477	-48.33037	14.5456	0.6697631	1.304281	6.787542	1.297562
8892	-35.52643	-49.28944	13.76301	1.10942	1.304281	8.521691	1.297562
8898	-32.24061	-48.28645	16.04583	1.393887	1.289989	1.330372	1.184694
8904	-37.85851	-52.9637	15.10519	1.922588	0.8195623	0.4565628	2.492338
8910	-37.93279	-50.1758	12.24301	2.593417	1.436476	12.234	0.5300048
8916	-35.75365	-49.2064	13.45276	2.507473	0.9540878	7.257741	0.2945842
8922	-32.71115	-47.66241	14.95126	1.881883	1.69917	2.676081	0.4782519
8928	-30.90744	-47.4688	16.56135	1.811618	1.012351	1.026355	0.7484376
8934	-35.79295	-47.8875	12.09456	1.530882	1.012351	8.171513	2.389569
8940	-37.20613	-51.92696	14.72083	1.4293	0.8598173	2.88735	1.788195
8946	-37.67383	-52.05267	14.37884	2.159885	2.020624	2.88735	0.5000004
8952	-33.38075	-48.42174	15.04099	1.249681	12.82715	0.2368792	0.6320675
8958	-38.62638	-51.03973	12.41335	2.087989	12.82715	0.942154	0.1153568
8964	-33.68819	-49.59784	15.90966	1.515457	2.234519	0.942154	0.2227502
8970	-30.96511	-46.68069	15.71558	2.023938	0.7465612	2.542655	0.5510198
8976	-28.1184	-45.92427	17.80587	1.694003	0.2128224	1.278243	0.5011711
8982	-31.77408	-50.84484	19.07076	1.217523	0.770375	0.1269511	0.5144856
8988	-31.59445	-48.65884	17.06439	1.21943	4.700031	0.07313377	0.8059416
8994	-39.35379	-52.20004	12.84625	4.178461	1.584988	0.5058719	2.001849
9000	-27.67652	-45.45076	17.77423	0.8478542	1.584988	0.3329276	1.036794
9006	-28.14746	-44.06343	15.91597	1.862393	0.8257457	2.189158	0.3542253
9012	-33.0514	-48.64039	15.58899	2.677124	0.0873969	4.129467	0.2188382
9018	-29.24487	-44.74912	15.50426	1.693608	1.946467	1.496559	0.2666069
9024	-31.18096	-46.63306	15.4521	1.408576	0.3640347	5.20574	1.21072
9030	-29.26419	-44.80645	15.54226	1.345745	1.474348	2.347568	0.9576121
9036	-35.43155	-49.44437	14.01282	0.8928447	2.023106	4.109366	1.695278
9042	-35.72035	-53.1294	17.40905	1.039326	0.9615645	0.4114565	1.487653
9048	-35.04023	-53.33574	18.29551	0.5069707	0.9615645	0.5979119	0.9116232
9054	-29.16714	-46.94089	17.77375	0.07413745	0.9582584	0.700355	1.602072
9060	-31.29683	-47.34153	16.0447	0.3071216	0.3886796	3.410516	1.97173
9066	-33.50385	-50.57925	17.0754	0.06910388	1.659743	0.4328074	1.97173
9072	-37.56131	-55.0606	17.49928	0.3579944	1.511277	0.2322365	1.860398
9078	-34.11072	-50.35044	16.23972	0.5496845	1.641634	1.473962	1.409242
9084	-30.58994	-45.20867	14.61873	1.600659	1.415493	3.763298	1.068925
9090	-35.38156	-51.03813	15.65656	1.600659	0.6149459	3.763298	0.837841
9096	-38.69318	-53.40434	14.71116	0.6583517	1.943017	3.763298	1.477201
9102	-36.04145	-49.70236	13.66091	2.314721	0.9891523	4.607318	1.3611
9108	-34.16575	-51.19092	17.02517	0.6094825	0.9891523	2.001184	0.7962617
9114	-36.76035	-51.35659	14.59624	1.490494	7.292092	0.9357068	0.4575541
9120	-30.09934	-47.26904	17.1697	0.2627265	2.555342	0.8447551	0.8738206
9126	-27.04994	-46.03178	18.98184	0.9790893	0.6615346	0.2108989	0.8738206
9132	-33.66806	-48.31761	14.64955	1.019916	1.911846	0.934021	2.381736
9138	-35.47183	-52.45517	16.98334	0.2245681	1.911846	0.934021	1.315842
9144	-32.94518	-49.96219	17.01701	1.389655	2.114701	0.376494	0.8089191
9150	-41.73664	-55.22021	13.48357	2.449847	3.17233	2.963617	0.4147561
9156	-34.37391	-49.81328	15.43937	1.375465	3.17233	1.12398	0.9417618
9162	-29.27684	-47.98414	18.7073	0.5110476	0.8367255	0.3491098	1.065806
9168	-37.52375	-51.76509	14.24134	0.120819	0.8367255	0.4908466	4.025559
9174	-28.11104	-46.53169	18.42065	0.4627979	0.5006265	0.08282571	2.232568
9180	-32.65737	-48.95007	16.29271	0.1092099	2.237326	0.4314728	2.232568
9186	-31.49607	-49.25548	17.75941	0.03366781	4.706624	0.1151036	1.126358
9192	-32.82129	-49.66704	16.84575	0.03945658	7.95796	0.3061201	0.5958557
9198	-31.46841	-48.69878	17.23037	0.05746674	7.511712	0.1292609	0.9031202
9204	-36.43638	-52.30289	15.86651	0.01279526	7.511712	0.1292609	2.006543
9210	-33.722	-45.89824	12.17624	0.3772535	1.342216	4.642265	3.360878
9216	-28.36942	-46.71541	18.34599	0.04519812	0.3457026	1.147218	1.495298
9222	-32.32188	-48.79292	16.47104	0.9077918	2.325767	0.7951201	1.103731
9228	-31.79663	-49.592	17.79537	0.02218148	0.8446891	0.7951201	1.627802
9234	-29.37482	-46.04718	16.67236	0.01976937	0.891624	0.5371728	2.567521
9240	-34.3765	-51.85488	17.47838	1.480259	1.645515	0.2875007	0.7102029
9246	-38.08068	-55.6843	17.60362	1.244226	0.9312225	0.6269555	0.8474381
9252	-32.77171	-49.98516	17.21344	0.09330123	4.022062	0.5375003	0.8090318
9258	-28.65312	-48.4972	19.84408	0.125941	0.3582584	0.3324874	1.070021
9264	-31.46816	-46.50321	15.03505	0.4649236	3.194887	1.927583	1.547031
9270	-32.39833	-49.41583	17.01749	1.860082	1.223653	0.5289499	0.5592592
9276	-29.43552	-47.48747	18.05195	0.9629788	0.974789	0.5289499	0.7603742
9282	-29.49724	-45.69941	16.20218	1.461742	1.288717	0.8806804	1.348051
9288	-30.05022	-47.54585	17.49563	1.10758	1.924409	0.3590776	0.7378367
9294	-25.71135	-45.04984	19.33849	0.347061	0.3030154	0.3590776	1.366951
9300	-30.42276	-48.23304	17.81027	1.196247	0.7445195	0.6375014	0.8944996
9306	-29.50135	-46.97938	17.47803	0.4206241	0.4272101	2.821227	0.8799388
9312	-30.07174	-49.22941	19.15766	0.8909341	0.1870126	0.3481216	1.342642
9318	-27.40109	-47.71109	20.31	0.9754018	0.2961265	0.07421576	0.4448545
9324	-33.34774	-51.6168	18.26906	1.114777	1.382157	0.07746302	1.199844
9330	-33.18347	-49.6766	16.49313	0.1652002	14.65698	0.07746302	0.4831857
9336	-29.92289	-47.34364	17.42075	0.195003	6.175034	0.174596	0.6034357
9342	-34.09423	-51.4693	17.37507	1.090278	3.350462	0.174596	0.5822515
9348	-33.5172	-50.67115	17.15395	0.314688	2.61009	0.4448566	1.336484
9354	-30.39607	-47.83667	17.4406	1.143649	0.9594573	0.4448566	1.336484
9360	-25.87804	-43.93023	18.0522	0.1207921	0.4491504	0.7077231	1.844025
9366	-32.87855	-49.40176	16.52322	0.0306794	1.251293	3.55957	0.9406797
9372	-31.86514	-51.75363	19.88849	0.3591388	0.5065568	0.2435875	0.3680403
9378	-31.54363	-49.69731	18.15368	1.033719	1.985953	0.0835327	0.977563
9384	-26.58333	-45.45322	18.86988	0.6441231	1.917854	0.06285975	0.7530201
9390	-27.95103	-46.51122	18.56019	0.4842484	0.4981825	0.606473	1.23464
9396	-32.64854	-47.58982	14.94128	0.8270937	1.719956	3.987997	1.20891
9402	-33.16905	-48.57143	15.40238	0.6820801	1.719956	3.987997	0.9074454
9408	-39.29536	-56.16709	16.87172	0.7081173	0.4768613	1.519641	1.686103
9414	-37.41983	-56.27908	18.85926	1.427847	0.360468	0.2956922	0.8142371
9420	-31.89298	-49.51428	17.6213	1.234625	1.292573	0.3074455	1.079757
9426	-28.74401	-45.125	16.38099	0.7985724	0.866678	2.0056	1.352061
9432	-29.42706	-46.18515	16.7581	0.933153	0.866678	2.0056	0.8834287
9438	-33.01948	-50.01876	16.99928	1.518265	0.7283674	1.089558	0.8918537
9444	-36.24045	-53.17898	16.93853	1.368987	1.077495	0.7281564	1.113791
9450	-30.94459	-47.89125	16.94665	1.438703	4.785804	0.06361389	0.3535742
9456	-37.53511	-54.62898	17.09387	0.7910453	4.196543	0.2710569	0.6094551
9462	-41.62924	-58.19187	16.56263	1.327642	0.75083	0.1006137	2.585631
9468	-42.18359	-55.29471	13.11111	2.178251	2.916279	4.581231	0.8751106
9474	-42.03945	-55.38779	13.34835	2.656358	0.4639467	8.70217	1.130966
9480	-37.56615	-53.46565	15.8995	2.509794	0.1865615	2.676841	1.009459
9486	-35.39637	-52.37605	16.97967	1.453722	0.1865615	2.676841	0.9852927
9492	-34.12042	-53.02327	18.90285	1.28209	0.778824	0.1499226	0.4339318
9498	-38.27242	-55.35823	17.0858	1.323074	0.1875099	1.819298	1.404707
9504	-34.14856	-51.35112	17.20256	1.644688	0.5457296	1.134256	0.7422753
9510	-38.33723	-53.05174	14.7145	1.041296	1.901787	2.876603	1.467625
9516	-43.06039	-57.6474	14.58701	2.206021	2.914037	1.274299	0.9408867
9522	-35.44165	-50.01933	14.57768	1.740271	1.777345	1.111481	1.898884
9528	-43.13625	-54.45278	11.31652	2.340153	1.777345	17.75582	1.013627
9534	-46.09938	-56.47525	10.37587	3.819218	0.634252	16.08062	1.571012
9540	-40.30637	-51.94814	11.64177	1.895453	2.699795	6.495894	1.952223
9546	-37.62031	-49.69751	12.0772	0.9222171	0.7117232	21.00297	2.009285
9552	-43.18128	-61.01674	17.83547	1.868654	0.7601029	0.177962	1.107144
9558	-41.14616	-58.91779	17.77163	2.57995	0.7601029	0.1051395	0.647403
9564	-36.10247	-50.61478	14.51231	2.260579	2.186523	1.658463	0.1938325
9570	-36.63683	-52.2293	15.59247	2.125864	2.186523	0.9274575	0.4667676
9576	-39.13227	-52.55481	13.42254	1.64395	5.713327	2.997549	0.3381065
9582	-36.94814	-50.9849	14.03676	0.4357573	8.964243	1.573945	1.390751
9588	-32.20448	-48.43963	16.23515	0.08528243	8.964243	0.2328538	1.24837
9594	-37.76593	-52.51998	14.75405	2.498598	0.6497498	2.279387	1.385178
9600	-36.03133	-48.28788	12.25654	1.762653	1.407967	12.21291	1.456322
9606	-38.44304	-49.28015	10.83711	2.057588	1.407967	23.83214	1.442456
9612	-32.76919	-49.94197	17.17277	1.763786	1.407967	0.4067707	0.5736482
9618	-35.29038	-48.44767	13.15729	2.195639	1.407967	6.982221	1.070472
9624	-36.80206	-47.84491	11.04285	1.510707	1.759808	10.93846	2.404493
9630	-37.36564	-50.01451	12.64887	1.234591	1.20541	10.93846	1.802414
9636	-33.38443	-47.53381	14.14938	0.5987452	1.20541	1.499606	2.958897
9642	-34.73913	-54.8659	20.12677	0.8382109	0.09108221	0.2131471	1.148477
9648	-42.79015	-58.16406	15.37391	0.2257642	1.90241	0.3752047	2.91714
9654	-31.52816	-47.38321	15.85505	1.914593	0.9845588	1.975078	0.5823458
9660	-45.21567	-56.88131	11.66564	3.852327	1.831694	3.646502	0.09712394
9666	-38.80819	-49.82425	11.01607	3.22261	1.402218	14.70743	0.1980836
9672	-31.0692	-45.38721	14.31801	2.220451	0.7545447	4.936052	1.015948
9678	-26.1157	-44.2451	18.12941	0.4109434	0.6189304	0.5748029	1.522057
9684	-35.23799	-49.41497	14.17698	1.026197	0.999433	6.777508	1.522057
9690	-31.07242	-47.79668	16.72426	0.8356096	0.859583	1.51147	1.311774
9696	-33.64073	-50.34253	16.7018	1.053308	0.6977706	1.51147	1.311774
9702	-34.6763	-49.80094	15.12464	1.629499	1.065076	3.521096	0.9201204
9708	-30.96713	-47.87876	16.91163	0.2569026	0.9184829	1.073	1.820936
9714	-30.48527	-48.42574	17.94047	0.3004755	0.9725258	1.073	0.9093699
9720	-29.57823	-46.66463	17.0864	1.207973	0.5650676	1.073	1.320218
9726	-41.33222	-54.85816	13.52594	0.6691997	16.72538	0.3894946	1.809415
9732	-33.09866	-50.60186	17.5032	0.8288213	1.431718	0.8104895	0.4657165
9738	-32.1418	-48.39239	16.25059	0.8913735	3.206309	0.8104895	0.9226762
9744	-27.14498	-44.30883	17.16385	0.6882891	3.206309	0.3167502	0.9954771
9750	-29.93531	-46.14963	16.21432	0.216713	6.862741	0.5453082	0.9353858
9756	-27.19254	-42.90759	15.71505	0.06001796	4.848103	1.645652	1.003701
9762	-32.31511	-47.43328	15.11817	0.7286462	4.848103	1.645652	0.929333
9768	-30.93662	-49.07367	18.13705	0.4211358	0.5639655	1.028724	1.13481
9774	-35.68234	-51.70345	16.02111	2.081341	0.6478903	0.8042607	1.591219
9780	-28.37599	-46.33249	17.9565	0.8514379	3.188576	0.1014082	0.4612864
9786	-31.14801	-49.721	18.573	0.3995104	1.099531	0.1014082	1.624197
9792	-28.00277	-48.47211	20.46935	0.3943447	0.2323605	0.02929935	1.428164
9798	-27.78787	-47.74983	19.96196	0.7407237	0.2323605	0.02582829	1.55886
9804	-40.0228	-56.64415	16.62135	1.977954	0.8203477	1.063861	0.6470828
9810	-37.89074	-54.16597	16.27523	1.137547	0.8203477	1.063861	1.732876
9816	-32.53149	-50.47394	17.94246	0.3588926	0.3763191	0.3847564	2.189734
9822	-28.28071	-47.8008	19.5201	1.212795	0.7048709	0.04431945	0.5693351
9828	-31.71057	-50.75068	19.04011	1.158135	0.8350466	0.04154721	1.088415
9834	-30.6441	-48.72282	18.07871	0.8709717	2.319386	0.1442808	0.7475149
9840	-40.27629	-54.55996	14.28367	1.129259	2.815522	1.891676	1.741135
9846	-37.63029	-51.4192	13.78891	2.380911	2.815522	0.7853548	1.85589
9852	-27.70942	-45.44148	17.73207	1.250481	1.444505	0.3491598	0.6780128
9858	-33.06588	-49.66229	16.5964	0.282957	2.635325	1.257388	0.9966697
9864	-32.72039	-47.89693	15.17654	0.463418	1.655599	2.710254	1.72221
9870	-39.63362	-52.94698	13.31335	0.7582224	11.92673	0.09955601	2.770112
9876	-31.6715	-47.5533	15.8818	0.3070865	8.16393	0.09955601	1.791555
9882	-34.83414	-49.70007	14.86594	0.2897843	1.08254	0.8020861	3.16429
9888	-39.16508	-52.26817	13.10308	0.3818291	3.54402	0.8020861	3.333033
9894	-30.98071	-47.43151	16.4508	0.233969	2.500711	1.166808	1.297375
9900	-28.30587	-47.97574	19.66986	0.08151429	0.6409381	0.2675736	0.9672726
9906	-27.80119	-49.85761	22.05642	0.1219659	0.02597256	0.04810915	0.8799539
9912	-31.00909	-49.03312	18.02403	0.2392816	1.177406	0.6333439	1.183663
9918	-32.46072	-48.70571	16.245	1.494852	0.9986666	2.015121	0.4550751
9924	-27.16602	-48.40332	21.2373	0.1435393	0.06740489	0.06467884	1.354819
9930	-33.82489	-48.4593	14.63442	2.135125	1.588024	2.015121	1.164921
9936	-33.05167	-48.16685	15.11517	2.135125	1.588024	1.223686	0.138954
9942	-29.9767	-47.39085	17.41415	2.010479	0.759211	0.4483164	0.707762
9948	-31.87599	-50.1408	18.26481	2.071683	0.4285151	0.2627228	0.6536792
9954	-28.50721	-46.22512	17.7179	0.978357	0.9689516	0.6625188	0.9203287
9960	-34.92631	-52.56916	17.64284	1.070808	0.7589407	0.4593837	1.39173
9966	-32.20015	-49.11265	16.9125	0.8817499	0.7589407	2.266387	0.7195276
9972	-27.56488	-46.82173	19.25685	0.1086778	0.5821571	0.5117119	0.949471
9978	-31.39933	-49.40994	18.01061	1.367769	0.7485807	0.5117119	0.4077517
9984	-36.88056	-53.29764	16.41707	1.573103	0.4446345	2.559239	0.8780222
9990	-37.67141	-54.56265	16.89124	0.8785684	0.7172929	0.6977666	1.853792
9996	-28.92834	-46.32501	17.39667	0.2561708	0.8131412	0.6977666	1.853792
10002	-32.31249	-48.67136	16.35887	0.1718189	0.5429979	0.6977666	2.802836
10008	-38.32279	-53.07542	14.75263	0.02150912	0.4633592	3.761232	2.802836
10014	-38.98369	-50.60818	11.62448	1.965313	0.968091	12.52281	2.005025
10020	-34.68376	-49.70798	15.02422	1.965313	1.49539	2.645933	0.4746629
10026	-40.76369	-56.46506	15.70137	2.465515	1.49539	0.6484832	1.018004
10032	-32.69441	-51.07985	18.38545	0.2518421	0.7775381	0.1247755	2.024862
10038	-31.57197	-51.53916	19.96719	0.5345161	0.1207858	0.1247755	1.644346
10044	-29.27257	-47.95691	18.68434	0.4005431	0.8365194	0.3194855	1.240879
10050	-28.01126	-47.52265	19.51139	0.5192097	0.4002324	0.1993361	1.240879
10056	-29.45995	-47.85326	18.39331	0.6396164	0.6436473	0.1993361	1.699776
10062	-33.21194	-50.55407	17.34213	0.4682562	0.4387147	1.283798	1.699776
10068	-29.1008	-47.15471	18.05391	0.3013253	0.4387147	1.283798	1.289055
10074	-42.162	-55.44669	13.28469	0.6151199	4.45317	1.797522	2.382171
10080	-38.55911	-56.64426	18.08514	1.261694	0.3938873	0.2270722	1.70902
10086	-37.03722	-54.72078	17.68356	1.983687	0.1197832	1.306336	0.7873481
10092	-33.50677	-49.38992	15.88316	1.977801	0.2902831	2.250513	1.419969
10098	-31.80359	-47.69722	15.89363	2.186827	0.6062935	2.250513	0.5067217
10104	-29.33808	-44.81581	15.47773	1.739963	0.6183343	4.331188	0.4536562
10110	-26.7091	-44.99198	18.28288	1.400998	0.652423	0.4129069	0.5814298
10116	-27.61956	-46.01238	18.39282	1.410213	0.1377489	1.192997	0.4248052
10122	-29.176	-44.55875	15.38275	0.2185763	1.686589	1.192997	2.358808
10128	-32.48086	-48.42053	15.93967	0.2221652	4.674661	0.6638281	1.493206
10134	-33.71755	-50.2221	16.50455	0.0920296	2.384553	0.6508455	1.822261
10140	-35.74057	-52.17344	16.43287	0.08070547	3.945065	0.4785879	1.611286
10146	-38.28136	-53.34543	15.06407	0.3944405	3.945065	0.08194617	2.96971
10152	-38.54779	-54.01118	15.46338	0.2445334	26.18774	0.03842834	0.8003305
10158	-42.44639	-52.67032	10.22393	1.700579	137.8919	0.03842834	1.222944
10164	-37.45485	-48.69212	11.23727	1.383945	94.06029	0.02466059	1.382319
10170	-36.10938	-50.97699	14.86761	0.03297127	34.08486	0.02308719	1.189332
10176	-35.11585	-49.93397	14.81812	0.03717009	28.66527	0.07416706	1.297823
10182	-32.79707	-49.5832	16.78613	0.6012188	4.843637	0.4135274	0.5893219
10188	-31.22246	-47.6484	16.42594	0.5433251	5.721229	0.5211162	0.5733893
10194	-33.43307	-51.82878	18.39572	0.3865124	0.2533538	0.7056481	1.712158
10200	-26.44442	-45.46256	19.01814	0.6339014	0.8185721	0.07934818	1.40695
10206	-33.28701	-49.83184	16.54484	0.9632244	3.152069	0.2298742	1.486942
10212	-32.15508	-49.82233	17.66725	1.205662	1.133831	0.3125204	0.1512082
10218	-28.89642	-44.70416	15.80774	0.5081581	4.238961	0.7809597	1.36325
10224	-31.34719	-46.53365	15.18647	0.3700392	0.4712817	3.575697	2.350239
10230	-31.68324	-49.79085	18.10762	2.007161	0.4120695	0.1985469	1.151158
10236	-36.31894	-51.9281	15.60915	1.959941	2.058168	1.1549	0.5340124
10242	-34.61598	-52.61738	18.00139	1.906197	0.8486436	0.1511444	0.2460105
10248	-33.90245	-49.04449	15.14204	0.725701	0.6637051	0.3523531	3.429327
10254	-33.10898	-51.12645	18.01748	0.03321788	1.203945	0.2378542	1.884749
10260	-28.54132	-49.04434	20.50302	0.3867709	0.512098	0.0524619	0.7429738
10266	-37.96006	-52.82902	14.86896	0.3019221	32.69599	0.0524619	0.8724245
10272	-32.90052	-48.24788	15.34736	1.039896	2.461817	0.8548317	1.765226
10278	-35.15175	-49.2726	14.12085	1.880692	2.461817	0.8548317	2.027295
10284	-34.72574	-50.03362	15.30788	1.488256	1.995465	1.134918	1.445671
10290	-38.68699	-52.31539	13.62841	1.615899	2.341895	1.936337	1.993324
10296	-31.58737	-51.69208	20.10471	0.4442709	0.09517806	0.5895262	0.772427
10302	-29.88016	-49.3377	19.45754	0.3979848	0.09517806	1.065984	0.9364838
10308	-32.40437	-50.12588	17.72151	1.551114	0.3877038	1.065984	0.4615577
10314	-35.46117	-48.65567	13.1945	1.248399	1.301248	5.55117	2.063029
10320	-42.356	-55.28299	12.92699	1.825149	1.453379	0.3517365	3.62544
10326	-34.75843	-50.19611	15.43768	0.1092862	2.043323	0.3517365	2.927611
10332	-33.7668	-48.53933	14.77254	0.01112238	1.277225	4.020032	2.146345
10338	-34.614	-50.3799	15.7659	0.005966383	1.277225	4.020032	1.459356
10344	-35.0042	-50.22067	15.21647	0.05012867	5.468349	1.752031	1.245556
10350	-41.16679	-54.59365	13.42686	0.786605	4.862343	0.463066	2.930704
10356	-36.96793	-52.29743	15.3295	0.5062065	6.252671	0.5842241	1.512073
10362	-33.47211	-51.81295	18.34085	0.3723547	1.22301	0.2655172	1.337894
10368	-27.88937	-45.20818	17.3188	0.03725726	3.19592	0.2096969	1.627823
10374	-38.53454	-55.21463	16.6801	0.08788388	6.88317	0.2096969	1.263284
10380	-34.70476	-51.66927	16.96452	0.3646737	4.857738	0.1310765	1.421916
10386	-33.84911	-51.44957	17.60046	0.1120983	4.857738	0.09398721	1.234453
10392	-33.03213	-48.84464	15.81251	0.3110618	1.95603	1.446845	1.764274
10398	-30.92586	-45.02502	14.09916	1.197839	0.795851	4.680226	1.983239
10404	-29.3939	-45.82511	16.43121	0.4950145	0.4870275	1.821755	1.983239
10410	-30.72371	-47.55199	16.82828	0.5340077	0.4870275	0.8306383	2.238833
10416	-42.07918	-52.8164	10.73722	1.653615	1.492193	20.26621	1.959437
10422	-31.388	-49.09133	17.70332	0.2276798	0.3154843	0.7870724	2.118673
10428	-37.54568	-54.7382	17.19253	0.8459605	0.1719872	1.058711	2.111137
10434	-32.36454	-46.5273	14.16275	0.2891816	0.5531826	2.421588	3.244549
10440	-31.46988	-46.77569	15.30581	0.2898678	0.6522776	1.355887	2.873066
10446	-34.92588	-51.59271	16.66683	1.987075	0.5915783	1.355887	0.3955504
10452	-36.30034	-52.46045	16.16011	1.830694	0.7991765	1.959517	0.4642386
10458	-34.12934	-50.14199	16.01264	1.699826	0.8957371	1.959517	0.8528454
10464	-29.81466	-48.17716	18.3625	0.5937163	0.7896272	0.4746083	1.13811
10470	-30.60869	-50.4903	19.88161	0.7053379	0.05278527	0.4746083	1.13811
10476	-30.28411	-50.27337	19.98925	0.5359842	0.2531597	0.2765696	0.8818202
10482	-28.63577	-50.242	21.60623	0.07978021	0.03165868	0.1459201	0.9339114
10488	-32.14254	-53.41492	21.27238	0.1767948	0.1145299	0.1459201	0.7541204
10494	-30.19007	-49.79523	19.60517	0.2858249	0.1019381	0.3239981	1.726509
10500	-25.104	-45.29468	20.19068	0.1786528	0.1019381	0.4099678	1.229692
10506	-26.36153	-44.63622	18.27469	1.062717	0.4834851	0.7931834	0.6812215
10512	-29.04378	-46.94849	17.9047	1.094016	0.6787468	0.7931834	0.7579147
10518	-29.53302	-47.39322	17.8602	1.310411	0.6787468	0.2771428	1.407762
10524	-27.18609	-48.24818	21.06209	0.3685502	0.1136755	0.1157524	0.922716
10530	-49.19528	-63.55147	14.3562	4.125128	1.06236	0.8322179	0.8157889
10536	-50.3404	-64.5188	14.1784	3.102673	1.06236	2.799366	0.5225667
10542	-29.16435	-48.86083	19.69648	1.63948	0.09694066	0.09572844	0.1552778
10548	-32.87404	-51.34262	18.46858	2.862329	0.1520474	0.09572844	0.2156787
10554	-27.73796	-46.85563	19.11767	1.060087	0.302686	0.3330734	0.9849833
10560	-28.42795	-48.45729	20.02934	1.1228	0.1174414	0.2660085	0.6232032
10566	-24.5217	-44.43651	19.91481	0.1273821	0.3056782	0.2660085	1.244673
10572	-26.05557	-44.34017	18.28459	0.9845831	1.794699	0.1660928	0.485082
10578	-23.67384	-43.93625	20.2624	0.5667857	0.5926933	0.03672095	0.7640386
10584	-27.8746	-45.39172	17.51712	2.01766	1.360089	0.1620508	0.3501203
10590	-31.72723	-47.94886	16.22162	1.660378	6.992194	0.0659477	0.5081839
10596	-38.46957	-57.70715	19.23758	1.660378	0.4262346	0.08105246	0.7465488
10602	-35.33911	-54.14606	18.80695	1.493966	0.4254565	0.1923992	0.968502
10608	-31.13388	-48.81445	17.68057	0.9766051	0.7729421	0.37894	1.535963
10614	-34.19755	-50.87916	16.68161	1.058499	3.609043	0.37894	0.7974353
10620	-33.43708	-50.13107	16.69399	0.827495	3.669452	0.37894	1.017733
10626	-30.13459	-47.67833	17.54374	0.6598556	0.7061943	1.519207	0.8791469
10632	-29.36506	-47.74074	18.37568	0.01993082	0.7061943	1.122097	1.018117
10638	-28.77881	-43.67019	14.89139	0.1264059	1.486422	1.392473	2.707772
10644	-35.08642	-47.80133	12.71491	0.6185756	7.787021	3.196784	1.759887
10650	-35.98564	-50.30773	14.32209	0.1631581	7.787021	2.929935	0.9099892
10656	-31.78429	-47.05247	15.26817	1.266049	0.5957713	4.063925	1.428407
10662	-33.10129	-47.62265	14.52136	0.7779411	0.6835906	5.647588	1.897961
10668	-28.61588	-45.74283	17.12695	0.7939078	0.6546151	2.103827	0.8536247
10674	-29.68865	-45.68733	15.99868	0.29461	1.038721	2.568495	1.659147
10680	-35.33559	-50.78139	15.44579	0.7322491	2.148699	2.568495	1.120681
10686	-34.02596	-50.38088	16.35492	2.091243	0.8754228	1.168865	0.3865387
10692	-33.84541	-50.63936	16.79395	1.656007	0.9680212	0.8369486	0.9533308
10698	-38.9492	-55.32574	16.37655	2.070771	2.77753	0.04394445	1.43047
10704	-29.79031	-48.74929	18.95898	2.165245	0.3355747	0.04394445	0.9172964
10710	-26.02173	-44.28146	18.25973	1.277776	1.054801	0.1919641	0.9126998
10716	-27.58128	-45.37657	17.79529	0.4062977	3.128373	0.1919641	1.003254
10722	-28.69682	-45.48089	16.78407	0.5024558	3.128373	0.1180234	1.911063
10728	-30.93629	-47.23738	16.30109	0.4419394	2.967771	0.8789592	1.306939
10734	-28.94737	-43.44642	14.49905	0.799851	2.967771	3.441274	1.216159
10740	-30.79709	-46.76017	15.96308	0.4540555	0.6180493	3.441274	1.655115
10746	-33.73937	-49.98091	16.24153	0.3790247	4.870516	0.385023	1.444712
10752	-29.73824	-47.59714	17.85891	0.9932311	1.228276	0.3769885	0.9915176
10758	-36.92189	-53.01175	16.08985	2.382925	2.233622	0.3769885	0.4549903
10764	-40.92861	-56.24665	15.31804	0.3216196	3.785916	0.8805209	1.881371
10770	-38.0757	-52.50558	14.42988	1.488073	3.242453	2.826847	0.6998828
10776	-31.15468	-47.82963	16.67495	0.8160844	1.069866	1.075491	1.478091
10782	-29.94067	-45.76074	15.82007	1.261961	1.262065	2.591361	0.7834354
10788	-33.40552	-49.4148	16.00929	0.9419404	2.407781	0.786416	1.431759
10794	-29.22961	-45.09756	15.86795	1.477583	3.351011	0.786416	0.5129647
10800	-32.83589	-47.36385	14.52796	2.107723	3.429822	1.503029	0.4097801
10806	-38.12805	-54.69304	16.56499	2.543268	1.957847	0.1028438	0.9892756
10812	-34.73902	-52.53856	17.79954	2.189082	0.6113878	0.2348848	0.8438559
10818	-30.17087	-48.39769	18.22682	0.1261961	0.6113878	0.4283186	1.836253
10824	-32.9377	-47.41868	14.48098	1.135338	2.535381	2.374352	1.492806
10830	-33.52698	-51.14579	17.61881	0.4482284	0.4238845	0.4291181	2.227252
10836	-37.51736	-53.16438	15.64702	2.798436	0.9427558	0.6091757	1.249288
10842	-43.72413	-57.865	14.14087	3.7817	0.9427558	0.5768251	1.683642
10848	-42.52538	-54.39953	11.87416	3.16585	0.6319552	17.55454	0.5562908
10854	-49.60314	-59.63327	10.03013	5.004073	0.6395013	17.55454	0.5246677
10860	-39.87357	-53.47677	13.60319	3.180801	0.5809301	6.137535	0.5246677
10866	-35.58277	-50.57583	14.99306	1.917689	1.320792	2.78775	0.8254527
10872	-36.28934	-51.36164	15.0723	2.003909	0.9941244	3.229154	0.3162649
10878	-36.47544	-51.34209	14.86665	1.535296	2.000288	3.229154	0.5545762
10884	-33.28407	-48.5093	15.22523	1.448325	7.196415	0.3255581	1.028387
10890	-28.29703	-46.94527	18.64824	0.3498119	1.114631	0.4701965	0.7278842
10896	-27.59905	-45.89997	18.30093	0.3098614	1.35648	0.1441971	1.606172
10902	-35.09161	-50.81167	15.72006	1.056532	3.117377	1.112244	1.014928
10908	-30.85673	-48.66496	17.80823	1.683231	0.8905413	0.3634222	0.5806918
10914	-36.50226	-52.80373	16.30147	1.683231	1.803757	0.8850373	0.5617803
10920	-32.37964	-50.42788	18.04824	1.578183	1.184334	0.1968506	0.4803913
10926	-30.13463	-48.68791	18.55328	1.182838	0.4643245	0.1968506	1.389924
10932	-30.81672	-47.8103	16.99358	0.4209866	3.100373	0.2465869	1.539027
10938	-28.13831	-46.16526	18.02695	1.331747	1.084837	0.2465869	0.9075205
10944	-28.2218	-49.45099	21.22918	0.7022549	0.08254462	0.08141736	0.581075
10950	-35.89696	-52.911	17.01404	1.686222	0.1441819	0.495311	2.196703
10956	-33.70098	-51.05163	17.35065	0.1668903	0.5237078	0.495311	2.39452
10962	-30.2153	-46.67263	16.45732	0.5648938	3.030047	0.5067359	1.45546
10968	-29.67725	-47.74362	18.06637	0.3385224	3.030047	0.2344911	0.6207314
10974	-38.36197	-54.17927	15.81731	2.122316	1.679574	0.2125626	1.760229
10980	-36.11332	-52.16071	16.0474	1.823009	4.761406	0.2125626	0.4103906
10986	-34.58171	-50.92067	16.33896	1.79219	2.143975	0.6106324	0.524801
10992	-34.54604	-50.51371	15.96767	1.174982	0.9019981	1.971237	1.366646
10998	-36.33956	-52.19889	15.85933	0.9859139	3.597039	0.5241968	1.398471
11004	-30.39138	-47.48164	17.09026	1.281717	1.369999	0.339085	1.377033
11010	-34.22124	-52.46244	18.2412	0.9737108	0.4115123	1.076632	0.550599
11016	-31.76512	-48.69901	16.93389	0.8428117	1.212354	0.7367063	1.442028
11022	-37.14286	-53.15274	16.00988	2.312708	2.161147	0.4790951	0.4490692
11028	-30.04976	-50.54707	20.49731	0.6219222	0.1247409	0.1809404	0.96222
11034	-36.70524	-56.73017	20.02493	0.378955	0.1247409	0.1809404	1.562199
11040	-28.3698	-49.46928	21.09948	0.07549406	0.1339462	0.09812442	1.163889
11046	-29.79993	-49.46395	19.66402	0.3160797	0.1348897	1.025726	0.4787554
11052	-34.48298	-52.36935	17.88637	0.2146055	0.4322575	1.025726	1.666552
11058	-32.94995	-50.77057	17.82061	0.4416808	0.5397376	1.220292	1.269852
11064	-37.30627	-53.49908	16.19281	0.7084836	0.3240164	0.6346181	2.874915
11070	-41.93186	-54.71087	12.77901	3.260799	0.6866342	5.297981	1.429492
11076	-38.06301	-47.42328	9.360274	3.735016	0.5887106	30.62266	0.0775282
11082	-40.18403	-49.977	9.792971	3.889949	0.2984782	44.23232	0.2188903
11088	-40.29677	-48.24473	7.947958	3.875454	1.134737	61.68789	0.2031337
11094	-33.72774	-52.81181	19.08408	0.4671195	0.4314597	0.09058798	1.846456
11100	-32.34629	-49.13081	16.78451	0.8896568	0.8346097	1.852656	1.035769
11106	-30.80352	-47.45172	16.6482	0.3263724	1.373273	0.7256851	1.929301
11112	-36.08636	-51.40761	15.32125	0.7880497	1.11997	1.278994	2.269959
11118	-34.2026	-50.60705	16.40444	0.175952	1.738899	0.4640625	2.269959
11124	-31.2542	-49.86263	18.60842	0.6351435	1.213478	0.2371426	0.9342251
11130	-32.03811	-50.05575	18.01764	0.01753935	1.221048	0.2371426	1.886555
11136	-34.46617	-51.86202	17.39585	0.1947822	1.198622	0.986965	1.377868
11142	-30.67429	-47.85178	17.17749	2.021492	0.66335	0.6742229	0.711177
11148	-28.88361	-46.09937	17.21575	1.670556	0.9641136	0.4051317	1.140534
11154	-32.00154	-47.56103	15.55949	1.16129	3.435147	1.140893	0.9149876
11160	-30.6328	-47.969	17.3362	0.2360535	1.016467	1.466425	1.19189
11166	-30.73832	-47.07924	16.34092	0.8887114	1.577258	1.307573	1.193038
11172	-29.43241	-46.68571	17.2533	0.6264296	0.3665877	2.440445	1.188437
11178	-32.64424	-46.30702	13.66277	1.554417	2.933921	3.400453	1.308817
11184	-33.74202	-49.58542	15.8434	1.75613	0.6191295	1.334885	1.614451
11190	-31.48523	-46.18381	14.69858	0.372949	0.801502	6.46401	1.819205
11196	-30.13637	-45.74609	15.60971	0.4450552	1.071825	1.639322	2.159065
